{
  "type": "FeatureCollection",
  "metadata": {
    "title": "GeoGlobe synthetic earthquakes (demo)",
    "generated": 1783455838524,
    "count": 600
  },
  "features": [
    {
      "type": "Feature",
      "properties": {
        "id": "gg10000",
        "mag": 4.7,
        "depth": 372.2,
        "place": "synthetic event 0",
        "time": "2026-04-29T23:34:29.904Z"
      },
      "geometry": { "type": "Point", "coordinates": [-89.9852, 14.865, 372.2] }
    },
    {
      "type": "Feature",
      "properties": {
        "id": "gg10001",
        "mag": 4.8,
        "depth": 189.6,
        "place": "synthetic event 1",
        "time": "2026-04-01T05:06:03.451Z"
      },
      "geometry": { "type": "Point", "coordinates": [-50.8205, -32.1509, 189.6] }
    },
    {
      "type": "Feature",
      "properties": {
        "id": "gg10002",
        "mag": 5.4,
        "depth": 259.8,
        "place": "synthetic event 2",
        "time": "2026-02-13T03:02:24.372Z"
      },
      "geometry": { "type": "Point", "coordinates": [16.3237, 36.2615, 259.8] }
    },
    {
      "type": "Feature",
      "properties": {
        "id": "gg10003",
        "mag": 5.5,
        "depth": 404.5,
        "place": "synthetic event 3",
        "time": "2026-02-02T07:56:42.302Z"
      },
      "geometry": { "type": "Point", "coordinates": [121.6549, 34.882, 404.5] }
    },
    {
      "type": "Feature",
      "properties": {
        "id": "gg10004",
        "mag": 6.7,
        "depth": 528.2,
        "place": "synthetic event 4",
        "time": "2026-06-30T07:08:32.206Z"
      },
      "geometry": { "type": "Point", "coordinates": [-90.0336, 19.8358, 528.2] }
    },
    {
      "type": "Feature",
      "properties": {
        "id": "gg10005",
        "mag": 4.5,
        "depth": 62.7,
        "place": "synthetic event 5",
        "time": "2026-05-23T09:08:42.575Z"
      },
      "geometry": { "type": "Point", "coordinates": [-58.6667, -23.3472, 62.7] }
    },
    {
      "type": "Feature",
      "properties": {
        "id": "gg10006",
        "mag": 4.5,
        "depth": 462.8,
        "place": "synthetic event 6",
        "time": "2026-03-12T15:08:10.627Z"
      },
      "geometry": { "type": "Point", "coordinates": [87.7362, 36.2729, 462.8] }
    },
    {
      "type": "Feature",
      "properties": {
        "id": "gg10007",
        "mag": 5.4,
        "depth": 239.8,
        "place": "synthetic event 7",
        "time": "2026-02-01T06:40:25.401Z"
      },
      "geometry": { "type": "Point", "coordinates": [-67.4181, -32.1836, 239.8] }
    },
    {
      "type": "Feature",
      "properties": {
        "id": "gg10008",
        "mag": 7.3,
        "depth": 382.2,
        "place": "synthetic event 8",
        "time": "2026-05-24T21:11:46.481Z"
      },
      "geometry": { "type": "Point", "coordinates": [153.5965, 33.1433, 382.2] }
    },
    {
      "type": "Feature",
      "properties": {
        "id": "gg10009",
        "mag": 6.9,
        "depth": 4.9,
        "place": "synthetic event 9",
        "time": "2026-01-21T15:14:53.768Z"
      },
      "geometry": { "type": "Point", "coordinates": [130.3049, -9.1329, 4.9] }
    },
    {
      "type": "Feature",
      "properties": {
        "id": "gg10010",
        "mag": 7.5,
        "depth": 164.7,
        "place": "synthetic event 10",
        "time": "2026-06-02T22:01:43.988Z"
      },
      "geometry": { "type": "Point", "coordinates": [105.5406, 23.6956, 164.7] }
    },
    {
      "type": "Feature",
      "properties": {
        "id": "gg10011",
        "mag": 4.5,
        "depth": 373.1,
        "place": "synthetic event 11",
        "time": "2026-06-06T15:54:12.604Z"
      },
      "geometry": { "type": "Point", "coordinates": [27.5674, 42.8402, 373.1] }
    },
    {
      "type": "Feature",
      "properties": {
        "id": "gg10012",
        "mag": 4.9,
        "depth": 35.4,
        "place": "synthetic event 12",
        "time": "2026-03-01T13:53:18.093Z"
      },
      "geometry": { "type": "Point", "coordinates": [164.1944, 36.9512, 35.4] }
    },
    {
      "type": "Feature",
      "properties": {
        "id": "gg10013",
        "mag": 7.8,
        "depth": 615.3,
        "place": "synthetic event 13",
        "time": "2026-04-07T19:46:52.112Z"
      },
      "geometry": { "type": "Point", "coordinates": [-163.0186, 61.013, 615.3] }
    },
    {
      "type": "Feature",
      "properties": {
        "id": "gg10014",
        "mag": 5.3,
        "depth": 208.8,
        "place": "synthetic event 14",
        "time": "2026-04-28T19:19:00.052Z"
      },
      "geometry": { "type": "Point", "coordinates": [35.8484, 34.4258, 208.8] }
    },
    {
      "type": "Feature",
      "properties": {
        "id": "gg10015",
        "mag": 4.6,
        "depth": 225.7,
        "place": "synthetic event 15",
        "time": "2026-02-23T08:10:07.820Z"
      },
      "geometry": { "type": "Point", "coordinates": [-103.8896, 46.7174, 225.7] }
    },
    {
      "type": "Feature",
      "properties": {
        "id": "gg10016",
        "mag": 5.6,
        "depth": 393.1,
        "place": "synthetic event 16",
        "time": "2026-02-22T01:03:53.955Z"
      },
      "geometry": { "type": "Point", "coordinates": [-54.594, -22.2696, 393.1] }
    },
    {
      "type": "Feature",
      "properties": {
        "id": "gg10017",
        "mag": 5.7,
        "depth": 557.2,
        "place": "synthetic event 17",
        "time": "2026-05-25T19:32:45.325Z"
      },
      "geometry": { "type": "Point", "coordinates": [132.5063, 38.0594, 557.2] }
    },
    {
      "type": "Feature",
      "properties": {
        "id": "gg10018",
        "mag": 4.5,
        "depth": 318.3,
        "place": "synthetic event 18",
        "time": "2026-03-01T17:50:19.934Z"
      },
      "geometry": { "type": "Point", "coordinates": [86.5536, 27.3097, 318.3] }
    },
    {
      "type": "Feature",
      "properties": {
        "id": "gg10019",
        "mag": 5.8,
        "depth": 135.4,
        "place": "synthetic event 19",
        "time": "2026-06-20T03:50:30.000Z"
      },
      "geometry": { "type": "Point", "coordinates": [-131.3027, 40.9069, 135.4] }
    },
    {
      "type": "Feature",
      "properties": {
        "id": "gg10020",
        "mag": 5.6,
        "depth": 197.6,
        "place": "synthetic event 20",
        "time": "2026-02-02T11:28:30.843Z"
      },
      "geometry": { "type": "Point", "coordinates": [33.7512, 41.1076, 197.6] }
    },
    {
      "type": "Feature",
      "properties": {
        "id": "gg10021",
        "mag": 6.5,
        "depth": 240.6,
        "place": "synthetic event 21",
        "time": "2026-07-03T23:54:35.072Z"
      },
      "geometry": { "type": "Point", "coordinates": [-74.4938, -31.966, 240.6] }
    },
    {
      "type": "Feature",
      "properties": {
        "id": "gg10022",
        "mag": 8.1,
        "depth": 540.6,
        "place": "synthetic event 22",
        "time": "2026-04-10T16:09:15.513Z"
      },
      "geometry": { "type": "Point", "coordinates": [-82.8296, -31.6619, 540.6] }
    },
    {
      "type": "Feature",
      "properties": {
        "id": "gg10023",
        "mag": 5.7,
        "depth": 195.5,
        "place": "synthetic event 23",
        "time": "2026-06-01T20:02:04.604Z"
      },
      "geometry": { "type": "Point", "coordinates": [-85.6026, 7.3283, 195.5] }
    },
    {
      "type": "Feature",
      "properties": {
        "id": "gg10024",
        "mag": 7.2,
        "depth": 212,
        "place": "synthetic event 24",
        "time": "2026-02-27T10:31:08.494Z"
      },
      "geometry": { "type": "Point", "coordinates": [-120.3837, 32.677, 212] }
    },
    {
      "type": "Feature",
      "properties": {
        "id": "gg10025",
        "mag": 6,
        "depth": 365.7,
        "place": "synthetic event 25",
        "time": "2026-04-21T14:07:59.550Z"
      },
      "geometry": { "type": "Point", "coordinates": [136.3419, -8.7851, 365.7] }
    },
    {
      "type": "Feature",
      "properties": {
        "id": "gg10026",
        "mag": 5.4,
        "depth": 420.5,
        "place": "synthetic event 26",
        "time": "2026-03-13T13:06:54.674Z"
      },
      "geometry": { "type": "Point", "coordinates": [32.1844, 36.5003, 420.5] }
    },
    {
      "type": "Feature",
      "properties": {
        "id": "gg10027",
        "mag": 5.9,
        "depth": 109.8,
        "place": "synthetic event 27",
        "time": "2026-03-24T15:21:12.572Z"
      },
      "geometry": { "type": "Point", "coordinates": [-90.3543, 7.801, 109.8] }
    },
    {
      "type": "Feature",
      "properties": {
        "id": "gg10028",
        "mag": 6.9,
        "depth": 540.3,
        "place": "synthetic event 28",
        "time": "2026-02-07T07:04:12.659Z"
      },
      "geometry": { "type": "Point", "coordinates": [123.6776, 4.4634, 540.3] }
    },
    {
      "type": "Feature",
      "properties": {
        "id": "gg10029",
        "mag": 4.5,
        "depth": 36.3,
        "place": "synthetic event 29",
        "time": "2026-06-18T13:46:46.541Z"
      },
      "geometry": { "type": "Point", "coordinates": [-144.5333, 54.7844, 36.3] }
    },
    {
      "type": "Feature",
      "properties": {
        "id": "gg10030",
        "mag": 4.5,
        "depth": 144.5,
        "place": "synthetic event 30",
        "time": "2026-04-16T06:39:29.214Z"
      },
      "geometry": { "type": "Point", "coordinates": [103.9429, 26.314, 144.5] }
    },
    {
      "type": "Feature",
      "properties": {
        "id": "gg10031",
        "mag": 5.2,
        "depth": 148.6,
        "place": "synthetic event 31",
        "time": "2026-06-14T17:10:10.762Z"
      },
      "geometry": { "type": "Point", "coordinates": [-85.9007, 12.0185, 148.6] }
    },
    {
      "type": "Feature",
      "properties": {
        "id": "gg10032",
        "mag": 6.5,
        "depth": 86.5,
        "place": "synthetic event 32",
        "time": "2026-05-23T10:37:43.164Z"
      },
      "geometry": { "type": "Point", "coordinates": [120.4488, 0.4161, 86.5] }
    },
    {
      "type": "Feature",
      "properties": {
        "id": "gg10033",
        "mag": 4.5,
        "depth": 439.1,
        "place": "synthetic event 33",
        "time": "2026-02-18T20:56:19.114Z"
      },
      "geometry": { "type": "Point", "coordinates": [-125.6248, 33.1089, 439.1] }
    },
    {
      "type": "Feature",
      "properties": {
        "id": "gg10034",
        "mag": 4.5,
        "depth": 475.7,
        "place": "synthetic event 34",
        "time": "2026-07-01T02:50:22.400Z"
      },
      "geometry": { "type": "Point", "coordinates": [-88.2604, -39.4339, 475.7] }
    },
    {
      "type": "Feature",
      "properties": {
        "id": "gg10035",
        "mag": 5.7,
        "depth": 228.9,
        "place": "synthetic event 35",
        "time": "2026-01-21T04:14:41.928Z"
      },
      "geometry": { "type": "Point", "coordinates": [27.4077, 36.6924, 228.9] }
    },
    {
      "type": "Feature",
      "properties": {
        "id": "gg10036",
        "mag": 4.5,
        "depth": 112.9,
        "place": "synthetic event 36",
        "time": "2026-05-26T05:23:02.671Z"
      },
      "geometry": { "type": "Point", "coordinates": [-65.1254, -35.7623, 112.9] }
    },
    {
      "type": "Feature",
      "properties": {
        "id": "gg10037",
        "mag": 4.6,
        "depth": 427.3,
        "place": "synthetic event 37",
        "time": "2026-03-22T20:49:01.358Z"
      },
      "geometry": { "type": "Point", "coordinates": [95.459, 28.3538, 427.3] }
    },
    {
      "type": "Feature",
      "properties": {
        "id": "gg10038",
        "mag": 5.5,
        "depth": 442.8,
        "place": "synthetic event 38",
        "time": "2026-02-05T13:48:20.491Z"
      },
      "geometry": { "type": "Point", "coordinates": [-124.1977, 29.5197, 442.8] }
    },
    {
      "type": "Feature",
      "properties": {
        "id": "gg10039",
        "mag": 4.6,
        "depth": 254,
        "place": "synthetic event 39",
        "time": "2026-06-13T01:16:10.408Z"
      },
      "geometry": { "type": "Point", "coordinates": [-136.1239, 40.2104, 254] }
    },
    {
      "type": "Feature",
      "properties": {
        "id": "gg10040",
        "mag": 5.1,
        "depth": 15.2,
        "place": "synthetic event 40",
        "time": "2026-01-23T23:49:29.717Z"
      },
      "geometry": { "type": "Point", "coordinates": [124.2602, 5.0263, 15.2] }
    },
    {
      "type": "Feature",
      "properties": {
        "id": "gg10041",
        "mag": 6.5,
        "depth": 382.5,
        "place": "synthetic event 41",
        "time": "2026-03-01T12:33:07.882Z"
      },
      "geometry": { "type": "Point", "coordinates": [-156.8459, 63.0058, 382.5] }
    },
    {
      "type": "Feature",
      "properties": {
        "id": "gg10042",
        "mag": 4.7,
        "depth": 567.9,
        "place": "synthetic event 42",
        "time": "2026-02-04T09:29:55.400Z"
      },
      "geometry": { "type": "Point", "coordinates": [-160.2272, 56.5727, 567.9] }
    },
    {
      "type": "Feature",
      "properties": {
        "id": "gg10043",
        "mag": 4.9,
        "depth": 179.5,
        "place": "synthetic event 43",
        "time": "2026-06-23T04:42:53.203Z"
      },
      "geometry": { "type": "Point", "coordinates": [124.7713, -11.2813, 179.5] }
    },
    {
      "type": "Feature",
      "properties": {
        "id": "gg10044",
        "mag": 4.8,
        "depth": 50.8,
        "place": "synthetic event 44",
        "time": "2026-07-02T17:57:44.527Z"
      },
      "geometry": { "type": "Point", "coordinates": [-124.6845, 45.423, 50.8] }
    },
    {
      "type": "Feature",
      "properties": {
        "id": "gg10045",
        "mag": 6.3,
        "depth": 123.2,
        "place": "synthetic event 45",
        "time": "2026-06-12T12:33:01.348Z"
      },
      "geometry": { "type": "Point", "coordinates": [102.1257, 33.2562, 123.2] }
    },
    {
      "type": "Feature",
      "properties": {
        "id": "gg10046",
        "mag": 5,
        "depth": 272.5,
        "place": "synthetic event 46",
        "time": "2026-03-12T19:01:38.546Z"
      },
      "geometry": { "type": "Point", "coordinates": [-89.8322, -37.8808, 272.5] }
    },
    {
      "type": "Feature",
      "properties": {
        "id": "gg10047",
        "mag": 8.1,
        "depth": 95.9,
        "place": "synthetic event 47",
        "time": "2026-03-29T14:21:21.104Z"
      },
      "geometry": { "type": "Point", "coordinates": [136.6518, -3.819, 95.9] }
    },
    {
      "type": "Feature",
      "properties": {
        "id": "gg10048",
        "mag": 4.8,
        "depth": 236.9,
        "place": "synthetic event 48",
        "time": "2026-02-17T21:35:22.282Z"
      },
      "geometry": { "type": "Point", "coordinates": [159.4335, 27.948, 236.9] }
    },
    {
      "type": "Feature",
      "properties": {
        "id": "gg10049",
        "mag": 6.6,
        "depth": 404.5,
        "place": "synthetic event 49",
        "time": "2026-02-17T20:52:40.812Z"
      },
      "geometry": { "type": "Point", "coordinates": [104.2519, 24.593, 404.5] }
    },
    {
      "type": "Feature",
      "properties": {
        "id": "gg10050",
        "mag": 4.5,
        "depth": 311,
        "place": "synthetic event 50",
        "time": "2026-03-27T02:40:39.733Z"
      },
      "geometry": { "type": "Point", "coordinates": [-158.7785, 59.0194, 311] }
    },
    {
      "type": "Feature",
      "properties": {
        "id": "gg10051",
        "mag": 6.3,
        "depth": 217.4,
        "place": "synthetic event 51",
        "time": "2026-05-02T02:14:46.038Z"
      },
      "geometry": { "type": "Point", "coordinates": [36.6567, 40.8756, 217.4] }
    },
    {
      "type": "Feature",
      "properties": {
        "id": "gg10052",
        "mag": 4.5,
        "depth": 558.6,
        "place": "synthetic event 52",
        "time": "2026-03-19T13:32:26.330Z"
      },
      "geometry": { "type": "Point", "coordinates": [-120.8332, 36.6853, 558.6] }
    },
    {
      "type": "Feature",
      "properties": {
        "id": "gg10053",
        "mag": 7.7,
        "depth": 117.5,
        "place": "synthetic event 53",
        "time": "2026-05-20T10:37:14.644Z"
      },
      "geometry": { "type": "Point", "coordinates": [-111.788, 36.756, 117.5] }
    },
    {
      "type": "Feature",
      "properties": {
        "id": "gg10054",
        "mag": 4.6,
        "depth": 107.9,
        "place": "synthetic event 54",
        "time": "2026-04-13T06:04:49.561Z"
      },
      "geometry": { "type": "Point", "coordinates": [16.4019, 39.2706, 107.9] }
    },
    {
      "type": "Feature",
      "properties": {
        "id": "gg10055",
        "mag": 5.2,
        "depth": 402.4,
        "place": "synthetic event 55",
        "time": "2026-02-10T10:28:32.474Z"
      },
      "geometry": { "type": "Point", "coordinates": [102.1321, 3.1738, 402.4] }
    },
    {
      "type": "Feature",
      "properties": {
        "id": "gg10056",
        "mag": 4.6,
        "depth": 181.1,
        "place": "synthetic event 56",
        "time": "2026-05-31T12:21:41.937Z"
      },
      "geometry": { "type": "Point", "coordinates": [31.2003, 42.4773, 181.1] }
    },
    {
      "type": "Feature",
      "properties": {
        "id": "gg10057",
        "mag": 4.6,
        "depth": 64.8,
        "place": "synthetic event 57",
        "time": "2026-07-02T13:34:08.293Z"
      },
      "geometry": { "type": "Point", "coordinates": [-55.8516, -28.114, 64.8] }
    },
    {
      "type": "Feature",
      "properties": {
        "id": "gg10058",
        "mag": 4.5,
        "depth": 399.5,
        "place": "synthetic event 58",
        "time": "2026-01-12T01:32:51.283Z"
      },
      "geometry": { "type": "Point", "coordinates": [85.8955, 33.0372, 399.5] }
    },
    {
      "type": "Feature",
      "properties": {
        "id": "gg10059",
        "mag": 4.5,
        "depth": 206,
        "place": "synthetic event 59",
        "time": "2026-03-01T21:21:44.240Z"
      },
      "geometry": { "type": "Point", "coordinates": [-132.462, 39.0543, 206] }
    },
    {
      "type": "Feature",
      "properties": {
        "id": "gg10060",
        "mag": 6.6,
        "depth": 363.2,
        "place": "synthetic event 60",
        "time": "2026-06-23T13:00:06.677Z"
      },
      "geometry": { "type": "Point", "coordinates": [96.8152, 29.8329, 363.2] }
    },
    {
      "type": "Feature",
      "properties": {
        "id": "gg10061",
        "mag": 5.5,
        "depth": 263.4,
        "place": "synthetic event 61",
        "time": "2026-03-04T15:52:51.789Z"
      },
      "geometry": { "type": "Point", "coordinates": [143.8236, 22.5365, 263.4] }
    },
    {
      "type": "Feature",
      "properties": {
        "id": "gg10062",
        "mag": 4.5,
        "depth": 610.4,
        "place": "synthetic event 62",
        "time": "2026-02-11T03:02:44.507Z"
      },
      "geometry": { "type": "Point", "coordinates": [106.2695, -2.4197, 610.4] }
    },
    {
      "type": "Feature",
      "properties": {
        "id": "gg10063",
        "mag": 4.5,
        "depth": 15.3,
        "place": "synthetic event 63",
        "time": "2026-02-10T18:14:14.615Z"
      },
      "geometry": { "type": "Point", "coordinates": [-89.6464, -36.1464, 15.3] }
    },
    {
      "type": "Feature",
      "properties": {
        "id": "gg10064",
        "mag": 4.5,
        "depth": 434.5,
        "place": "synthetic event 64",
        "time": "2026-07-04T19:54:30.255Z"
      },
      "geometry": { "type": "Point", "coordinates": [-84.1092, 19.2129, 434.5] }
    },
    {
      "type": "Feature",
      "properties": {
        "id": "gg10065",
        "mag": 4.5,
        "depth": 56,
        "place": "synthetic event 65",
        "time": "2026-02-25T17:33:14.791Z"
      },
      "geometry": { "type": "Point", "coordinates": [106.4534, 36.8501, 56] }
    },
    {
      "type": "Feature",
      "properties": {
        "id": "gg10066",
        "mag": 5.5,
        "depth": 426.1,
        "place": "synthetic event 66",
        "time": "2026-03-19T07:11:58.680Z"
      },
      "geometry": { "type": "Point", "coordinates": [-52.4082, -33.5684, 426.1] }
    },
    {
      "type": "Feature",
      "properties": {
        "id": "gg10067",
        "mag": 4.5,
        "depth": 80.2,
        "place": "synthetic event 67",
        "time": "2026-02-03T17:32:11.522Z"
      },
      "geometry": { "type": "Point", "coordinates": [93.4641, 22.7738, 80.2] }
    },
    {
      "type": "Feature",
      "properties": {
        "id": "gg10068",
        "mag": 4.5,
        "depth": 65.8,
        "place": "synthetic event 68",
        "time": "2026-02-21T02:13:34.334Z"
      },
      "geometry": { "type": "Point", "coordinates": [135.8131, 36.459, 65.8] }
    },
    {
      "type": "Feature",
      "properties": {
        "id": "gg10069",
        "mag": 4.5,
        "depth": 324.3,
        "place": "synthetic event 69",
        "time": "2026-01-30T08:45:49.113Z"
      },
      "geometry": { "type": "Point", "coordinates": [-103.0937, 9.0912, 324.3] }
    },
    {
      "type": "Feature",
      "properties": {
        "id": "gg10070",
        "mag": 4.7,
        "depth": 338.5,
        "place": "synthetic event 70",
        "time": "2026-02-20T12:17:07.992Z"
      },
      "geometry": { "type": "Point", "coordinates": [-110.82, 42.3439, 338.5] }
    },
    {
      "type": "Feature",
      "properties": {
        "id": "gg10071",
        "mag": 5.3,
        "depth": 322.8,
        "place": "synthetic event 71",
        "time": "2026-06-04T13:35:30.255Z"
      },
      "geometry": { "type": "Point", "coordinates": [-78.2644, 11.7775, 322.8] }
    },
    {
      "type": "Feature",
      "properties": {
        "id": "gg10072",
        "mag": 4.9,
        "depth": 45.7,
        "place": "synthetic event 72",
        "time": "2026-05-25T05:21:03.174Z"
      },
      "geometry": { "type": "Point", "coordinates": [-85.9779, -34.5083, 45.7] }
    },
    {
      "type": "Feature",
      "properties": {
        "id": "gg10073",
        "mag": 5.9,
        "depth": 451.8,
        "place": "synthetic event 73",
        "time": "2026-04-17T17:58:44.538Z"
      },
      "geometry": { "type": "Point", "coordinates": [16.9536, 42.2592, 451.8] }
    },
    {
      "type": "Feature",
      "properties": {
        "id": "gg10074",
        "mag": 6.4,
        "depth": 512.3,
        "place": "synthetic event 74",
        "time": "2026-01-07T21:48:06.475Z"
      },
      "geometry": { "type": "Point", "coordinates": [-157.8567, 58.725, 512.3] }
    },
    {
      "type": "Feature",
      "properties": {
        "id": "gg10075",
        "mag": 4.6,
        "depth": 124.2,
        "place": "synthetic event 75",
        "time": "2026-01-07T14:29:38.750Z"
      },
      "geometry": { "type": "Point", "coordinates": [-151.9548, 63.6543, 124.2] }
    },
    {
      "type": "Feature",
      "properties": {
        "id": "gg10076",
        "mag": 5.5,
        "depth": 72.2,
        "place": "synthetic event 76",
        "time": "2026-06-08T10:48:03.195Z"
      },
      "geometry": { "type": "Point", "coordinates": [-72.348, -22.3209, 72.2] }
    },
    {
      "type": "Feature",
      "properties": {
        "id": "gg10077",
        "mag": 5,
        "depth": 520.6,
        "place": "synthetic event 77",
        "time": "2026-03-02T11:10:10.539Z"
      },
      "geometry": { "type": "Point", "coordinates": [-65.6353, -36.8533, 520.6] }
    },
    {
      "type": "Feature",
      "properties": {
        "id": "gg10078",
        "mag": 4.5,
        "depth": 190.6,
        "place": "synthetic event 78",
        "time": "2026-05-21T17:10:01.185Z"
      },
      "geometry": { "type": "Point", "coordinates": [122.7241, -13.2752, 190.6] }
    },
    {
      "type": "Feature",
      "properties": {
        "id": "gg10079",
        "mag": 7.3,
        "depth": 137.5,
        "place": "synthetic event 79",
        "time": "2026-02-20T23:40:11.966Z"
      },
      "geometry": { "type": "Point", "coordinates": [-69.8755, -20.089, 137.5] }
    },
    {
      "type": "Feature",
      "properties": {
        "id": "gg10080",
        "mag": 4.5,
        "depth": 333.3,
        "place": "synthetic event 80",
        "time": "2026-06-08T19:11:38.372Z"
      },
      "geometry": { "type": "Point", "coordinates": [-91.598, 15.715, 333.3] }
    },
    {
      "type": "Feature",
      "properties": {
        "id": "gg10081",
        "mag": 4.7,
        "depth": 313.8,
        "place": "synthetic event 81",
        "time": "2026-05-26T05:01:04.186Z"
      },
      "geometry": { "type": "Point", "coordinates": [-81.4719, 16.7201, 313.8] }
    },
    {
      "type": "Feature",
      "properties": {
        "id": "gg10082",
        "mag": 4.5,
        "depth": 609.3,
        "place": "synthetic event 82",
        "time": "2026-06-18T14:28:44.434Z"
      },
      "geometry": { "type": "Point", "coordinates": [-103.5618, 44.2704, 609.3] }
    },
    {
      "type": "Feature",
      "properties": {
        "id": "gg10083",
        "mag": 5,
        "depth": 63.5,
        "place": "synthetic event 83",
        "time": "2026-05-16T04:47:00.160Z"
      },
      "geometry": { "type": "Point", "coordinates": [-116.2685, 33.151, 63.5] }
    },
    {
      "type": "Feature",
      "properties": {
        "id": "gg10084",
        "mag": 5.2,
        "depth": 446.8,
        "place": "synthetic event 84",
        "time": "2026-04-20T00:50:20.530Z"
      },
      "geometry": { "type": "Point", "coordinates": [29.9109, 34.5472, 446.8] }
    },
    {
      "type": "Feature",
      "properties": {
        "id": "gg10085",
        "mag": 5,
        "depth": 478.2,
        "place": "synthetic event 85",
        "time": "2026-01-20T22:33:40.001Z"
      },
      "geometry": { "type": "Point", "coordinates": [-150.7118, 60.7528, 478.2] }
    },
    {
      "type": "Feature",
      "properties": {
        "id": "gg10086",
        "mag": 7.7,
        "depth": 215.7,
        "place": "synthetic event 86",
        "time": "2026-02-13T14:42:18.299Z"
      },
      "geometry": { "type": "Point", "coordinates": [115.6218, -10.4471, 215.7] }
    },
    {
      "type": "Feature",
      "properties": {
        "id": "gg10087",
        "mag": 4.7,
        "depth": 62,
        "place": "synthetic event 87",
        "time": "2026-04-24T17:50:09.907Z"
      },
      "geometry": { "type": "Point", "coordinates": [30.9858, 37.905, 62] }
    },
    {
      "type": "Feature",
      "properties": {
        "id": "gg10088",
        "mag": 4.6,
        "depth": 483.1,
        "place": "synthetic event 88",
        "time": "2026-03-09T23:06:15.171Z"
      },
      "geometry": { "type": "Point", "coordinates": [-127.6421, 43.1924, 483.1] }
    },
    {
      "type": "Feature",
      "properties": {
        "id": "gg10089",
        "mag": 7.1,
        "depth": 279.2,
        "place": "synthetic event 89",
        "time": "2026-06-26T20:51:53.892Z"
      },
      "geometry": { "type": "Point", "coordinates": [15.3151, 36.436, 279.2] }
    },
    {
      "type": "Feature",
      "properties": {
        "id": "gg10090",
        "mag": 4.8,
        "depth": 343.6,
        "place": "synthetic event 90",
        "time": "2026-03-26T10:21:15.079Z"
      },
      "geometry": { "type": "Point", "coordinates": [-69.0467, -26.355, 343.6] }
    },
    {
      "type": "Feature",
      "properties": {
        "id": "gg10091",
        "mag": 5,
        "depth": 87,
        "place": "synthetic event 91",
        "time": "2026-02-23T04:16:27.318Z"
      },
      "geometry": { "type": "Point", "coordinates": [22.9773, 32.0605, 87] }
    },
    {
      "type": "Feature",
      "properties": {
        "id": "gg10092",
        "mag": 7.5,
        "depth": 115.3,
        "place": "synthetic event 92",
        "time": "2026-03-11T20:09:54.568Z"
      },
      "geometry": { "type": "Point", "coordinates": [-134.0704, 40.929, 115.3] }
    },
    {
      "type": "Feature",
      "properties": {
        "id": "gg10093",
        "mag": 7.8,
        "depth": 555,
        "place": "synthetic event 93",
        "time": "2026-03-24T10:33:16.170Z"
      },
      "geometry": { "type": "Point", "coordinates": [17.5747, 43.7, 555] }
    },
    {
      "type": "Feature",
      "properties": {
        "id": "gg10094",
        "mag": 6.2,
        "depth": 304.6,
        "place": "synthetic event 94",
        "time": "2026-04-11T11:50:45.201Z"
      },
      "geometry": { "type": "Point", "coordinates": [139.2834, 2.2582, 304.6] }
    },
    {
      "type": "Feature",
      "properties": {
        "id": "gg10095",
        "mag": 5.4,
        "depth": 587,
        "place": "synthetic event 95",
        "time": "2026-03-15T19:23:59.493Z"
      },
      "geometry": { "type": "Point", "coordinates": [95.0099, 34.1445, 587] }
    },
    {
      "type": "Feature",
      "properties": {
        "id": "gg10096",
        "mag": 4.5,
        "depth": 220.6,
        "place": "synthetic event 96",
        "time": "2026-03-27T08:52:16.074Z"
      },
      "geometry": { "type": "Point", "coordinates": [-157.8598, 64.8021, 220.6] }
    },
    {
      "type": "Feature",
      "properties": {
        "id": "gg10097",
        "mag": 5.1,
        "depth": 542.7,
        "place": "synthetic event 97",
        "time": "2026-03-27T17:39:11.764Z"
      },
      "geometry": { "type": "Point", "coordinates": [125.9448, 27.2668, 542.7] }
    },
    {
      "type": "Feature",
      "properties": {
        "id": "gg10098",
        "mag": 4.9,
        "depth": 608.7,
        "place": "synthetic event 98",
        "time": "2026-04-17T14:11:38.789Z"
      },
      "geometry": { "type": "Point", "coordinates": [158.3939, 31.9746, 608.7] }
    },
    {
      "type": "Feature",
      "properties": {
        "id": "gg10099",
        "mag": 4.6,
        "depth": 179.7,
        "place": "synthetic event 99",
        "time": "2026-06-01T20:27:16.505Z"
      },
      "geometry": { "type": "Point", "coordinates": [140.1603, 35.2316, 179.7] }
    },
    {
      "type": "Feature",
      "properties": {
        "id": "gg10100",
        "mag": 5.4,
        "depth": 588.8,
        "place": "synthetic event 100",
        "time": "2026-03-27T18:24:55.929Z"
      },
      "geometry": { "type": "Point", "coordinates": [-148.4808, 66.7144, 588.8] }
    },
    {
      "type": "Feature",
      "properties": {
        "id": "gg10101",
        "mag": 6.1,
        "depth": 495.3,
        "place": "synthetic event 101",
        "time": "2026-05-21T00:54:58.458Z"
      },
      "geometry": { "type": "Point", "coordinates": [-146.4804, 59.5624, 495.3] }
    },
    {
      "type": "Feature",
      "properties": {
        "id": "gg10102",
        "mag": 5.9,
        "depth": 602.5,
        "place": "synthetic event 102",
        "time": "2026-03-23T03:13:25.767Z"
      },
      "geometry": { "type": "Point", "coordinates": [-86.0553, 15.9872, 602.5] }
    },
    {
      "type": "Feature",
      "properties": {
        "id": "gg10103",
        "mag": 4.5,
        "depth": 583.1,
        "place": "synthetic event 103",
        "time": "2026-02-06T02:53:18.715Z"
      },
      "geometry": { "type": "Point", "coordinates": [-141.1251, 58.9036, 583.1] }
    },
    {
      "type": "Feature",
      "properties": {
        "id": "gg10104",
        "mag": 8.1,
        "depth": 416.2,
        "place": "synthetic event 104",
        "time": "2026-04-22T22:23:19.490Z"
      },
      "geometry": { "type": "Point", "coordinates": [-80.1512, 10.0177, 416.2] }
    },
    {
      "type": "Feature",
      "properties": {
        "id": "gg10105",
        "mag": 7.2,
        "depth": 314.2,
        "place": "synthetic event 105",
        "time": "2026-04-10T17:11:18.406Z"
      },
      "geometry": { "type": "Point", "coordinates": [-153.198, 55.9294, 314.2] }
    },
    {
      "type": "Feature",
      "properties": {
        "id": "gg10106",
        "mag": 4.5,
        "depth": 491.7,
        "place": "synthetic event 106",
        "time": "2026-05-12T00:22:49.162Z"
      },
      "geometry": { "type": "Point", "coordinates": [25.4917, 40.631, 491.7] }
    },
    {
      "type": "Feature",
      "properties": {
        "id": "gg10107",
        "mag": 5.1,
        "depth": 227.9,
        "place": "synthetic event 107",
        "time": "2026-06-24T20:52:25.214Z"
      },
      "geometry": { "type": "Point", "coordinates": [127.5389, 4.2595, 227.9] }
    },
    {
      "type": "Feature",
      "properties": {
        "id": "gg10108",
        "mag": 5.6,
        "depth": 388.4,
        "place": "synthetic event 108",
        "time": "2026-04-07T09:47:19.687Z"
      },
      "geometry": { "type": "Point", "coordinates": [-103.3953, 7.675, 388.4] }
    },
    {
      "type": "Feature",
      "properties": {
        "id": "gg10109",
        "mag": 5.8,
        "depth": 605.1,
        "place": "synthetic event 109",
        "time": "2026-04-22T02:08:31.335Z"
      },
      "geometry": { "type": "Point", "coordinates": [141.247, 27.9023, 605.1] }
    },
    {
      "type": "Feature",
      "properties": {
        "id": "gg10110",
        "mag": 5.2,
        "depth": 293.5,
        "place": "synthetic event 110",
        "time": "2026-03-26T09:27:20.618Z"
      },
      "geometry": { "type": "Point", "coordinates": [107.5872, 28.618, 293.5] }
    },
    {
      "type": "Feature",
      "properties": {
        "id": "gg10111",
        "mag": 4.8,
        "depth": 145.3,
        "place": "synthetic event 111",
        "time": "2026-06-12T09:04:21.095Z"
      },
      "geometry": { "type": "Point", "coordinates": [22.1353, 40.1293, 145.3] }
    },
    {
      "type": "Feature",
      "properties": {
        "id": "gg10112",
        "mag": 6.9,
        "depth": 8.6,
        "place": "synthetic event 112",
        "time": "2026-02-07T13:10:04.523Z"
      },
      "geometry": { "type": "Point", "coordinates": [92.5819, 35.0334, 8.6] }
    },
    {
      "type": "Feature",
      "properties": {
        "id": "gg10113",
        "mag": 4.8,
        "depth": 312.3,
        "place": "synthetic event 113",
        "time": "2026-07-04T11:59:12.937Z"
      },
      "geometry": { "type": "Point", "coordinates": [160.7383, 33.9287, 312.3] }
    },
    {
      "type": "Feature",
      "properties": {
        "id": "gg10114",
        "mag": 6.1,
        "depth": 276.7,
        "place": "synthetic event 114",
        "time": "2026-05-26T12:46:28.675Z"
      },
      "geometry": { "type": "Point", "coordinates": [-50.6401, -37.6767, 276.7] }
    },
    {
      "type": "Feature",
      "properties": {
        "id": "gg10115",
        "mag": 6.7,
        "depth": 457.1,
        "place": "synthetic event 115",
        "time": "2026-01-15T02:26:18.337Z"
      },
      "geometry": { "type": "Point", "coordinates": [-159.5389, 55.1422, 457.1] }
    },
    {
      "type": "Feature",
      "properties": {
        "id": "gg10116",
        "mag": 5,
        "depth": 76.6,
        "place": "synthetic event 116",
        "time": "2026-02-28T22:08:07.835Z"
      },
      "geometry": { "type": "Point", "coordinates": [134.5863, 38.726, 76.6] }
    },
    {
      "type": "Feature",
      "properties": {
        "id": "gg10117",
        "mag": 4.8,
        "depth": 512.3,
        "place": "synthetic event 117",
        "time": "2026-04-22T02:06:39.480Z"
      },
      "geometry": { "type": "Point", "coordinates": [-88.4525, 19.6728, 512.3] }
    },
    {
      "type": "Feature",
      "properties": {
        "id": "gg10118",
        "mag": 5,
        "depth": 540.8,
        "place": "synthetic event 118",
        "time": "2026-02-02T14:42:44.223Z"
      },
      "geometry": { "type": "Point", "coordinates": [100.9802, 29.5287, 540.8] }
    },
    {
      "type": "Feature",
      "properties": {
        "id": "gg10119",
        "mag": 4.5,
        "depth": 467.8,
        "place": "synthetic event 119",
        "time": "2026-04-18T04:46:09.760Z"
      },
      "geometry": { "type": "Point", "coordinates": [19.3754, 42.7118, 467.8] }
    },
    {
      "type": "Feature",
      "properties": {
        "id": "gg10120",
        "mag": 4.6,
        "depth": 427,
        "place": "synthetic event 120",
        "time": "2026-07-01T15:22:04.020Z"
      },
      "geometry": { "type": "Point", "coordinates": [22.9531, 32.4746, 427] }
    },
    {
      "type": "Feature",
      "properties": {
        "id": "gg10121",
        "mag": 5.1,
        "depth": 596.1,
        "place": "synthetic event 121",
        "time": "2026-05-22T10:42:48.248Z"
      },
      "geometry": { "type": "Point", "coordinates": [-55.2488, -26.1557, 596.1] }
    },
    {
      "type": "Feature",
      "properties": {
        "id": "gg10122",
        "mag": 5.9,
        "depth": 267.6,
        "place": "synthetic event 122",
        "time": "2026-05-18T22:08:53.710Z"
      },
      "geometry": { "type": "Point", "coordinates": [-98.4054, 11.167, 267.6] }
    },
    {
      "type": "Feature",
      "properties": {
        "id": "gg10123",
        "mag": 4.5,
        "depth": 422.5,
        "place": "synthetic event 123",
        "time": "2026-01-08T08:40:52.347Z"
      },
      "geometry": { "type": "Point", "coordinates": [-66.3819, -23.9868, 422.5] }
    },
    {
      "type": "Feature",
      "properties": {
        "id": "gg10124",
        "mag": 4.8,
        "depth": 203.7,
        "place": "synthetic event 124",
        "time": "2026-04-17T03:07:30.604Z"
      },
      "geometry": { "type": "Point", "coordinates": [-85.0601, -32.9815, 203.7] }
    },
    {
      "type": "Feature",
      "properties": {
        "id": "gg10125",
        "mag": 7.2,
        "depth": 575.3,
        "place": "synthetic event 125",
        "time": "2026-03-02T06:00:05.399Z"
      },
      "geometry": { "type": "Point", "coordinates": [99.9819, -4.9468, 575.3] }
    },
    {
      "type": "Feature",
      "properties": {
        "id": "gg10126",
        "mag": 5.1,
        "depth": 279,
        "place": "synthetic event 126",
        "time": "2026-04-29T09:24:57.784Z"
      },
      "geometry": { "type": "Point", "coordinates": [27.314, 38.6776, 279] }
    },
    {
      "type": "Feature",
      "properties": {
        "id": "gg10127",
        "mag": 4.5,
        "depth": 525.7,
        "place": "synthetic event 127",
        "time": "2026-05-04T23:20:09.551Z"
      },
      "geometry": { "type": "Point", "coordinates": [-122.9121, 40.6741, 525.7] }
    },
    {
      "type": "Feature",
      "properties": {
        "id": "gg10128",
        "mag": 7.5,
        "depth": 574.1,
        "place": "synthetic event 128",
        "time": "2026-02-17T07:52:31.546Z"
      },
      "geometry": { "type": "Point", "coordinates": [89.8583, 35.9059, 574.1] }
    },
    {
      "type": "Feature",
      "properties": {
        "id": "gg10129",
        "mag": 4.7,
        "depth": 69.6,
        "place": "synthetic event 129",
        "time": "2026-02-25T22:16:51.131Z"
      },
      "geometry": { "type": "Point", "coordinates": [-121.163, 30.7463, 69.6] }
    },
    {
      "type": "Feature",
      "properties": {
        "id": "gg10130",
        "mag": 4.6,
        "depth": 364.5,
        "place": "synthetic event 130",
        "time": "2026-02-08T16:21:35.491Z"
      },
      "geometry": { "type": "Point", "coordinates": [-124.5693, 33.9555, 364.5] }
    },
    {
      "type": "Feature",
      "properties": {
        "id": "gg10131",
        "mag": 5.5,
        "depth": 227.2,
        "place": "synthetic event 131",
        "time": "2026-02-18T11:32:15.655Z"
      },
      "geometry": { "type": "Point", "coordinates": [-69.9098, -26.8506, 227.2] }
    },
    {
      "type": "Feature",
      "properties": {
        "id": "gg10132",
        "mag": 6.8,
        "depth": 200.8,
        "place": "synthetic event 132",
        "time": "2026-05-03T18:02:27.485Z"
      },
      "geometry": { "type": "Point", "coordinates": [-94.4373, 20.5232, 200.8] }
    },
    {
      "type": "Feature",
      "properties": {
        "id": "gg10133",
        "mag": 5.7,
        "depth": 578.1,
        "place": "synthetic event 133",
        "time": "2026-06-14T01:14:07.553Z"
      },
      "geometry": { "type": "Point", "coordinates": [14.9562, 43.8902, 578.1] }
    },
    {
      "type": "Feature",
      "properties": {
        "id": "gg10134",
        "mag": 4.7,
        "depth": 380.1,
        "place": "synthetic event 134",
        "time": "2026-01-23T17:16:00.542Z"
      },
      "geometry": { "type": "Point", "coordinates": [-146.5006, 64.0499, 380.1] }
    },
    {
      "type": "Feature",
      "properties": {
        "id": "gg10135",
        "mag": 5.4,
        "depth": 392.6,
        "place": "synthetic event 135",
        "time": "2026-06-05T23:03:25.065Z"
      },
      "geometry": { "type": "Point", "coordinates": [-86.6493, 20.9839, 392.6] }
    },
    {
      "type": "Feature",
      "properties": {
        "id": "gg10136",
        "mag": 4.8,
        "depth": 610.3,
        "place": "synthetic event 136",
        "time": "2026-06-06T16:28:23.271Z"
      },
      "geometry": { "type": "Point", "coordinates": [-75.0674, -23.7691, 610.3] }
    },
    {
      "type": "Feature",
      "properties": {
        "id": "gg10137",
        "mag": 4.6,
        "depth": 544,
        "place": "synthetic event 137",
        "time": "2026-01-29T13:59:50.827Z"
      },
      "geometry": { "type": "Point", "coordinates": [-75.8067, -35.115, 544] }
    },
    {
      "type": "Feature",
      "properties": {
        "id": "gg10138",
        "mag": 5.8,
        "depth": 81.4,
        "place": "synthetic event 138",
        "time": "2026-04-03T10:27:50.384Z"
      },
      "geometry": { "type": "Point", "coordinates": [-137.8438, 36.1421, 81.4] }
    },
    {
      "type": "Feature",
      "properties": {
        "id": "gg10139",
        "mag": 4.9,
        "depth": 16.6,
        "place": "synthetic event 139",
        "time": "2026-05-31T04:57:46.047Z"
      },
      "geometry": { "type": "Point", "coordinates": [-161.1876, 60.5159, 16.6] }
    },
    {
      "type": "Feature",
      "properties": {
        "id": "gg10140",
        "mag": 6.7,
        "depth": 165.8,
        "place": "synthetic event 140",
        "time": "2026-05-02T07:45:27.171Z"
      },
      "geometry": { "type": "Point", "coordinates": [164.1456, 25.3023, 165.8] }
    },
    {
      "type": "Feature",
      "properties": {
        "id": "gg10141",
        "mag": 4.5,
        "depth": 162.6,
        "place": "synthetic event 141",
        "time": "2026-05-20T04:55:40.559Z"
      },
      "geometry": { "type": "Point", "coordinates": [148.7966, 29.3356, 162.6] }
    },
    {
      "type": "Feature",
      "properties": {
        "id": "gg10142",
        "mag": 5.9,
        "depth": 217.4,
        "place": "synthetic event 142",
        "time": "2026-04-01T00:03:31.321Z"
      },
      "geometry": { "type": "Point", "coordinates": [34.465, 32.2273, 217.4] }
    },
    {
      "type": "Feature",
      "properties": {
        "id": "gg10143",
        "mag": 5.2,
        "depth": 125.8,
        "place": "synthetic event 143",
        "time": "2026-05-07T18:52:37.581Z"
      },
      "geometry": { "type": "Point", "coordinates": [136.0572, -5.1796, 125.8] }
    },
    {
      "type": "Feature",
      "properties": {
        "id": "gg10144",
        "mag": 4.5,
        "depth": 108.7,
        "place": "synthetic event 144",
        "time": "2026-03-13T01:15:03.013Z"
      },
      "geometry": { "type": "Point", "coordinates": [13.7678, 32.6307, 108.7] }
    },
    {
      "type": "Feature",
      "properties": {
        "id": "gg10145",
        "mag": 7.5,
        "depth": 574.6,
        "place": "synthetic event 145",
        "time": "2026-05-01T12:34:11.392Z"
      },
      "geometry": { "type": "Point", "coordinates": [-146.8462, 54.2886, 574.6] }
    },
    {
      "type": "Feature",
      "properties": {
        "id": "gg10146",
        "mag": 4.5,
        "depth": 572.2,
        "place": "synthetic event 146",
        "time": "2026-05-04T08:47:54.670Z"
      },
      "geometry": { "type": "Point", "coordinates": [-79.6184, 13.0474, 572.2] }
    },
    {
      "type": "Feature",
      "properties": {
        "id": "gg10147",
        "mag": 4.5,
        "depth": 417,
        "place": "synthetic event 147",
        "time": "2026-06-08T10:13:25.963Z"
      },
      "geometry": { "type": "Point", "coordinates": [16.6413, 34.227, 417] }
    },
    {
      "type": "Feature",
      "properties": {
        "id": "gg10148",
        "mag": 8.2,
        "depth": 123.1,
        "place": "synthetic event 148",
        "time": "2026-01-27T21:16:42.172Z"
      },
      "geometry": { "type": "Point", "coordinates": [80.6955, 36.3498, 123.1] }
    },
    {
      "type": "Feature",
      "properties": {
        "id": "gg10149",
        "mag": 4.5,
        "depth": 555.9,
        "place": "synthetic event 149",
        "time": "2026-06-14T02:26:20.053Z"
      },
      "geometry": { "type": "Point", "coordinates": [123.2662, 41.1871, 555.9] }
    },
    {
      "type": "Feature",
      "properties": {
        "id": "gg10150",
        "mag": 5.1,
        "depth": 142.9,
        "place": "synthetic event 150",
        "time": "2026-04-25T14:45:14.120Z"
      },
      "geometry": { "type": "Point", "coordinates": [-135.5787, 39.6468, 142.9] }
    },
    {
      "type": "Feature",
      "properties": {
        "id": "gg10151",
        "mag": 7.5,
        "depth": 607.2,
        "place": "synthetic event 151",
        "time": "2026-02-13T19:53:54.788Z"
      },
      "geometry": { "type": "Point", "coordinates": [-78.4182, -24.1792, 607.2] }
    },
    {
      "type": "Feature",
      "properties": {
        "id": "gg10152",
        "mag": 4.7,
        "depth": 432.9,
        "place": "synthetic event 152",
        "time": "2026-03-01T06:16:59.361Z"
      },
      "geometry": { "type": "Point", "coordinates": [108.8428, 25.3983, 432.9] }
    },
    {
      "type": "Feature",
      "properties": {
        "id": "gg10153",
        "mag": 7.7,
        "depth": 92.8,
        "place": "synthetic event 153",
        "time": "2026-04-01T18:05:48.948Z"
      },
      "geometry": { "type": "Point", "coordinates": [-65.5647, -34.549, 92.8] }
    },
    {
      "type": "Feature",
      "properties": {
        "id": "gg10154",
        "mag": 5.4,
        "depth": 66.1,
        "place": "synthetic event 154",
        "time": "2026-02-27T14:35:55.463Z"
      },
      "geometry": { "type": "Point", "coordinates": [162.5864, 35.1958, 66.1] }
    },
    {
      "type": "Feature",
      "properties": {
        "id": "gg10155",
        "mag": 4.5,
        "depth": 598,
        "place": "synthetic event 155",
        "time": "2026-06-02T19:53:58.222Z"
      },
      "geometry": { "type": "Point", "coordinates": [98.8063, 5.6434, 598] }
    },
    {
      "type": "Feature",
      "properties": {
        "id": "gg10156",
        "mag": 6.7,
        "depth": 210.6,
        "place": "synthetic event 156",
        "time": "2026-02-07T05:57:50.637Z"
      },
      "geometry": { "type": "Point", "coordinates": [-102.7089, 37.7327, 210.6] }
    },
    {
      "type": "Feature",
      "properties": {
        "id": "gg10157",
        "mag": 5.3,
        "depth": 480.4,
        "place": "synthetic event 157",
        "time": "2026-06-04T08:38:03.861Z"
      },
      "geometry": { "type": "Point", "coordinates": [93.005, 35.8348, 480.4] }
    },
    {
      "type": "Feature",
      "properties": {
        "id": "gg10158",
        "mag": 7.4,
        "depth": 39.4,
        "place": "synthetic event 158",
        "time": "2026-01-11T11:43:38.844Z"
      },
      "geometry": { "type": "Point", "coordinates": [-132.157, 36.1877, 39.4] }
    },
    {
      "type": "Feature",
      "properties": {
        "id": "gg10159",
        "mag": 6.1,
        "depth": 40.2,
        "place": "synthetic event 159",
        "time": "2026-04-30T18:14:56.821Z"
      },
      "geometry": { "type": "Point", "coordinates": [-112.383, 40.0002, 40.2] }
    },
    {
      "type": "Feature",
      "properties": {
        "id": "gg10160",
        "mag": 4.6,
        "depth": 7.9,
        "place": "synthetic event 160",
        "time": "2026-02-06T00:08:12.538Z"
      },
      "geometry": { "type": "Point", "coordinates": [-88.3844, -23.7641, 7.9] }
    },
    {
      "type": "Feature",
      "properties": {
        "id": "gg10161",
        "mag": 5.1,
        "depth": 116.4,
        "place": "synthetic event 161",
        "time": "2026-03-11T11:49:32.805Z"
      },
      "geometry": { "type": "Point", "coordinates": [-101.2035, 17.7497, 116.4] }
    },
    {
      "type": "Feature",
      "properties": {
        "id": "gg10162",
        "mag": 6.1,
        "depth": 93.3,
        "place": "synthetic event 162",
        "time": "2026-04-09T06:11:59.459Z"
      },
      "geometry": { "type": "Point", "coordinates": [-62.8017, -26.5705, 93.3] }
    },
    {
      "type": "Feature",
      "properties": {
        "id": "gg10163",
        "mag": 5.5,
        "depth": 106.3,
        "place": "synthetic event 163",
        "time": "2026-06-17T07:27:53.549Z"
      },
      "geometry": { "type": "Point", "coordinates": [21.301, 33.4493, 106.3] }
    },
    {
      "type": "Feature",
      "properties": {
        "id": "gg10164",
        "mag": 4.5,
        "depth": 183.8,
        "place": "synthetic event 164",
        "time": "2026-03-18T15:35:07.106Z"
      },
      "geometry": { "type": "Point", "coordinates": [19.4137, 32.7371, 183.8] }
    },
    {
      "type": "Feature",
      "properties": {
        "id": "gg10165",
        "mag": 7.6,
        "depth": 156.4,
        "place": "synthetic event 165",
        "time": "2026-05-13T17:38:15.231Z"
      },
      "geometry": { "type": "Point", "coordinates": [-116.1964, 37.2821, 156.4] }
    },
    {
      "type": "Feature",
      "properties": {
        "id": "gg10166",
        "mag": 4.5,
        "depth": 114.7,
        "place": "synthetic event 166",
        "time": "2026-02-20T09:27:33.888Z"
      },
      "geometry": { "type": "Point", "coordinates": [-61.6675, -31.0465, 114.7] }
    },
    {
      "type": "Feature",
      "properties": {
        "id": "gg10167",
        "mag": 6.9,
        "depth": 568.4,
        "place": "synthetic event 167",
        "time": "2026-07-05T19:41:57.287Z"
      },
      "geometry": { "type": "Point", "coordinates": [-167.4956, 60.6675, 568.4] }
    },
    {
      "type": "Feature",
      "properties": {
        "id": "gg10168",
        "mag": 6.5,
        "depth": 358.9,
        "place": "synthetic event 168",
        "time": "2026-03-29T16:09:18.881Z"
      },
      "geometry": { "type": "Point", "coordinates": [-86.7523, 10.1488, 358.9] }
    },
    {
      "type": "Feature",
      "properties": {
        "id": "gg10169",
        "mag": 5.3,
        "depth": 200.7,
        "place": "synthetic event 169",
        "time": "2026-06-19T16:39:01.388Z"
      },
      "geometry": { "type": "Point", "coordinates": [34.1261, 43.6329, 200.7] }
    },
    {
      "type": "Feature",
      "properties": {
        "id": "gg10170",
        "mag": 7.8,
        "depth": 445.5,
        "place": "synthetic event 170",
        "time": "2026-01-13T00:54:53.364Z"
      },
      "geometry": { "type": "Point", "coordinates": [-164.0547, 65.3703, 445.5] }
    },
    {
      "type": "Feature",
      "properties": {
        "id": "gg10171",
        "mag": 4.5,
        "depth": 240.8,
        "place": "synthetic event 171",
        "time": "2026-06-06T13:39:36.705Z"
      },
      "geometry": { "type": "Point", "coordinates": [-51.5342, -28.972, 240.8] }
    },
    {
      "type": "Feature",
      "properties": {
        "id": "gg10172",
        "mag": 5.5,
        "depth": 288.2,
        "place": "synthetic event 172",
        "time": "2026-02-28T17:53:28.037Z"
      },
      "geometry": { "type": "Point", "coordinates": [-144.2751, 56.8431, 288.2] }
    },
    {
      "type": "Feature",
      "properties": {
        "id": "gg10173",
        "mag": 4.8,
        "depth": 584,
        "place": "synthetic event 173",
        "time": "2026-04-13T22:35:13.691Z"
      },
      "geometry": { "type": "Point", "coordinates": [-72.3555, -33.5622, 584] }
    },
    {
      "type": "Feature",
      "properties": {
        "id": "gg10174",
        "mag": 4.5,
        "depth": 401.4,
        "place": "synthetic event 174",
        "time": "2026-02-22T00:20:57.572Z"
      },
      "geometry": { "type": "Point", "coordinates": [161.6499, 30.1804, 401.4] }
    },
    {
      "type": "Feature",
      "properties": {
        "id": "gg10175",
        "mag": 6.6,
        "depth": 412.6,
        "place": "synthetic event 175",
        "time": "2026-02-24T06:17:02.163Z"
      },
      "geometry": { "type": "Point", "coordinates": [152.2041, 46.0828, 412.6] }
    },
    {
      "type": "Feature",
      "properties": {
        "id": "gg10176",
        "mag": 4.5,
        "depth": 571.4,
        "place": "synthetic event 176",
        "time": "2026-05-19T14:07:40.507Z"
      },
      "geometry": { "type": "Point", "coordinates": [107.1991, 36.0516, 571.4] }
    },
    {
      "type": "Feature",
      "properties": {
        "id": "gg10177",
        "mag": 4.5,
        "depth": 178.1,
        "place": "synthetic event 177",
        "time": "2026-01-14T05:14:01.333Z"
      },
      "geometry": { "type": "Point", "coordinates": [-150.6177, 56.8339, 178.1] }
    },
    {
      "type": "Feature",
      "properties": {
        "id": "gg10178",
        "mag": 5.5,
        "depth": 421.6,
        "place": "synthetic event 178",
        "time": "2026-03-06T12:09:11.478Z"
      },
      "geometry": { "type": "Point", "coordinates": [-151.5538, 63.8986, 421.6] }
    },
    {
      "type": "Feature",
      "properties": {
        "id": "gg10179",
        "mag": 4.7,
        "depth": 397.6,
        "place": "synthetic event 179",
        "time": "2026-03-31T05:21:16.745Z"
      },
      "geometry": { "type": "Point", "coordinates": [-133.3835, 30.9166, 397.6] }
    },
    {
      "type": "Feature",
      "properties": {
        "id": "gg10180",
        "mag": 4.8,
        "depth": 262.8,
        "place": "synthetic event 180",
        "time": "2026-06-14T06:26:26.919Z"
      },
      "geometry": { "type": "Point", "coordinates": [122.4087, -15.4312, 262.8] }
    },
    {
      "type": "Feature",
      "properties": {
        "id": "gg10181",
        "mag": 4.8,
        "depth": 315.7,
        "place": "synthetic event 181",
        "time": "2026-04-10T15:00:20.623Z"
      },
      "geometry": { "type": "Point", "coordinates": [-97.4669, 8.1733, 315.7] }
    },
    {
      "type": "Feature",
      "properties": {
        "id": "gg10182",
        "mag": 4.5,
        "depth": 16.2,
        "place": "synthetic event 182",
        "time": "2026-03-01T12:13:40.050Z"
      },
      "geometry": { "type": "Point", "coordinates": [-167.6256, 56.2847, 16.2] }
    },
    {
      "type": "Feature",
      "properties": {
        "id": "gg10183",
        "mag": 5,
        "depth": 281.4,
        "place": "synthetic event 183",
        "time": "2026-06-16T11:52:00.824Z"
      },
      "geometry": { "type": "Point", "coordinates": [-72.3228, -22.3913, 281.4] }
    },
    {
      "type": "Feature",
      "properties": {
        "id": "gg10184",
        "mag": 5.8,
        "depth": 92.6,
        "place": "synthetic event 184",
        "time": "2026-06-01T11:02:54.869Z"
      },
      "geometry": { "type": "Point", "coordinates": [-78.1076, 9.5304, 92.6] }
    },
    {
      "type": "Feature",
      "properties": {
        "id": "gg10185",
        "mag": 5,
        "depth": 18.4,
        "place": "synthetic event 185",
        "time": "2026-06-10T09:42:33.684Z"
      },
      "geometry": { "type": "Point", "coordinates": [-147.7827, 53.3083, 18.4] }
    },
    {
      "type": "Feature",
      "properties": {
        "id": "gg10186",
        "mag": 5.5,
        "depth": 212.2,
        "place": "synthetic event 186",
        "time": "2026-03-22T23:06:36.224Z"
      },
      "geometry": { "type": "Point", "coordinates": [120.6704, 41.3764, 212.2] }
    },
    {
      "type": "Feature",
      "properties": {
        "id": "gg10187",
        "mag": 7.6,
        "depth": 226.4,
        "place": "synthetic event 187",
        "time": "2026-02-12T12:21:05.132Z"
      },
      "geometry": { "type": "Point", "coordinates": [-72.535, -22.7873, 226.4] }
    },
    {
      "type": "Feature",
      "properties": {
        "id": "gg10188",
        "mag": 7.5,
        "depth": 618.1,
        "place": "synthetic event 188",
        "time": "2026-04-05T16:06:56.632Z"
      },
      "geometry": { "type": "Point", "coordinates": [115.887, 46.2323, 618.1] }
    },
    {
      "type": "Feature",
      "properties": {
        "id": "gg10189",
        "mag": 4.5,
        "depth": 340.8,
        "place": "synthetic event 189",
        "time": "2026-06-25T11:56:01.115Z"
      },
      "geometry": { "type": "Point", "coordinates": [-73.713, -20.0417, 340.8] }
    },
    {
      "type": "Feature",
      "properties": {
        "id": "gg10190",
        "mag": 7.1,
        "depth": 180.3,
        "place": "synthetic event 190",
        "time": "2026-02-18T15:41:30.609Z"
      },
      "geometry": { "type": "Point", "coordinates": [-141.8751, 65.8608, 180.3] }
    },
    {
      "type": "Feature",
      "properties": {
        "id": "gg10191",
        "mag": 4.7,
        "depth": 190.3,
        "place": "synthetic event 191",
        "time": "2026-04-09T11:04:34.565Z"
      },
      "geometry": { "type": "Point", "coordinates": [-102.4775, 45.6086, 190.3] }
    },
    {
      "type": "Feature",
      "properties": {
        "id": "gg10192",
        "mag": 6.6,
        "depth": 38.6,
        "place": "synthetic event 192",
        "time": "2026-01-24T10:16:04.091Z"
      },
      "geometry": { "type": "Point", "coordinates": [100.4374, 33.1984, 38.6] }
    },
    {
      "type": "Feature",
      "properties": {
        "id": "gg10193",
        "mag": 4.5,
        "depth": 500.5,
        "place": "synthetic event 193",
        "time": "2026-02-11T02:40:37.167Z"
      },
      "geometry": { "type": "Point", "coordinates": [-85.6673, -25.1459, 500.5] }
    },
    {
      "type": "Feature",
      "properties": {
        "id": "gg10194",
        "mag": 5.2,
        "depth": 193.1,
        "place": "synthetic event 194",
        "time": "2026-01-28T23:15:15.841Z"
      },
      "geometry": { "type": "Point", "coordinates": [-118.9655, 38.9808, 193.1] }
    },
    {
      "type": "Feature",
      "properties": {
        "id": "gg10195",
        "mag": 4.7,
        "depth": 153.5,
        "place": "synthetic event 195",
        "time": "2026-03-19T02:45:44.451Z"
      },
      "geometry": { "type": "Point", "coordinates": [120.1571, 4.5131, 153.5] }
    },
    {
      "type": "Feature",
      "properties": {
        "id": "gg10196",
        "mag": 7.4,
        "depth": 42.9,
        "place": "synthetic event 196",
        "time": "2026-02-01T22:54:13.093Z"
      },
      "geometry": { "type": "Point", "coordinates": [-158.9369, 59.0807, 42.9] }
    },
    {
      "type": "Feature",
      "properties": {
        "id": "gg10197",
        "mag": 5.6,
        "depth": 313.8,
        "place": "synthetic event 197",
        "time": "2026-05-10T07:37:51.915Z"
      },
      "geometry": { "type": "Point", "coordinates": [130.0519, -5.1529, 313.8] }
    },
    {
      "type": "Feature",
      "properties": {
        "id": "gg10198",
        "mag": 6.6,
        "depth": 318.9,
        "place": "synthetic event 198",
        "time": "2026-05-07T11:55:46.436Z"
      },
      "geometry": { "type": "Point", "coordinates": [134.748, -14.8699, 318.9] }
    },
    {
      "type": "Feature",
      "properties": {
        "id": "gg10199",
        "mag": 5.1,
        "depth": 483.3,
        "place": "synthetic event 199",
        "time": "2026-01-11T14:37:28.815Z"
      },
      "geometry": { "type": "Point", "coordinates": [-82.7892, 11.2127, 483.3] }
    },
    {
      "type": "Feature",
      "properties": {
        "id": "gg10200",
        "mag": 5.3,
        "depth": 224.9,
        "place": "synthetic event 200",
        "time": "2026-03-15T03:23:52.534Z"
      },
      "geometry": { "type": "Point", "coordinates": [107.923, 29.3051, 224.9] }
    },
    {
      "type": "Feature",
      "properties": {
        "id": "gg10201",
        "mag": 5.9,
        "depth": 283.1,
        "place": "synthetic event 201",
        "time": "2026-06-23T20:39:40.689Z"
      },
      "geometry": { "type": "Point", "coordinates": [-149.1954, 54.8199, 283.1] }
    },
    {
      "type": "Feature",
      "properties": {
        "id": "gg10202",
        "mag": 6.3,
        "depth": 340.3,
        "place": "synthetic event 202",
        "time": "2026-07-06T15:01:12.177Z"
      },
      "geometry": { "type": "Point", "coordinates": [-84.6259, -27.4061, 340.3] }
    },
    {
      "type": "Feature",
      "properties": {
        "id": "gg10203",
        "mag": 4.7,
        "depth": 70.9,
        "place": "synthetic event 203",
        "time": "2026-03-29T10:00:04.688Z"
      },
      "geometry": { "type": "Point", "coordinates": [-102.1313, 30.1457, 70.9] }
    },
    {
      "type": "Feature",
      "properties": {
        "id": "gg10204",
        "mag": 5.5,
        "depth": 7.1,
        "place": "synthetic event 204",
        "time": "2026-02-22T11:12:55.381Z"
      },
      "geometry": { "type": "Point", "coordinates": [-115.5737, 44.7936, 7.1] }
    },
    {
      "type": "Feature",
      "properties": {
        "id": "gg10205",
        "mag": 6.3,
        "depth": 527.6,
        "place": "synthetic event 205",
        "time": "2026-03-13T14:25:36.801Z"
      },
      "geometry": { "type": "Point", "coordinates": [161.8757, 26.0537, 527.6] }
    },
    {
      "type": "Feature",
      "properties": {
        "id": "gg10206",
        "mag": 5.9,
        "depth": 451.5,
        "place": "synthetic event 206",
        "time": "2026-04-22T19:45:19.817Z"
      },
      "geometry": { "type": "Point", "coordinates": [-128.9447, 31.9627, 451.5] }
    },
    {
      "type": "Feature",
      "properties": {
        "id": "gg10207",
        "mag": 6.6,
        "depth": 198.5,
        "place": "synthetic event 207",
        "time": "2026-01-11T00:40:54.084Z"
      },
      "geometry": { "type": "Point", "coordinates": [-143.8119, 54.4702, 198.5] }
    },
    {
      "type": "Feature",
      "properties": {
        "id": "gg10208",
        "mag": 7.8,
        "depth": 517.2,
        "place": "synthetic event 208",
        "time": "2026-05-08T03:29:34.382Z"
      },
      "geometry": { "type": "Point", "coordinates": [83.0304, 29.2571, 517.2] }
    },
    {
      "type": "Feature",
      "properties": {
        "id": "gg10209",
        "mag": 7,
        "depth": 546.1,
        "place": "synthetic event 209",
        "time": "2026-03-01T07:57:35.779Z"
      },
      "geometry": { "type": "Point", "coordinates": [118.7881, 5.7296, 546.1] }
    },
    {
      "type": "Feature",
      "properties": {
        "id": "gg10210",
        "mag": 4.6,
        "depth": 534,
        "place": "synthetic event 210",
        "time": "2026-02-08T19:37:18.355Z"
      },
      "geometry": { "type": "Point", "coordinates": [36.1075, 32.3502, 534] }
    },
    {
      "type": "Feature",
      "properties": {
        "id": "gg10211",
        "mag": 7.9,
        "depth": 367.2,
        "place": "synthetic event 211",
        "time": "2026-05-28T14:00:48.314Z"
      },
      "geometry": { "type": "Point", "coordinates": [-125.1685, 30.3408, 367.2] }
    },
    {
      "type": "Feature",
      "properties": {
        "id": "gg10212",
        "mag": 5,
        "depth": 319.2,
        "place": "synthetic event 212",
        "time": "2026-03-02T12:29:31.815Z"
      },
      "geometry": { "type": "Point", "coordinates": [-86.6999, -36.0148, 319.2] }
    },
    {
      "type": "Feature",
      "properties": {
        "id": "gg10213",
        "mag": 7.7,
        "depth": 446.7,
        "place": "synthetic event 213",
        "time": "2026-03-17T02:41:58.041Z"
      },
      "geometry": { "type": "Point", "coordinates": [80.0955, 37.09, 446.7] }
    },
    {
      "type": "Feature",
      "properties": {
        "id": "gg10214",
        "mag": 5,
        "depth": 456.2,
        "place": "synthetic event 214",
        "time": "2026-03-26T22:17:59.427Z"
      },
      "geometry": { "type": "Point", "coordinates": [103.2958, -9.1371, 456.2] }
    },
    {
      "type": "Feature",
      "properties": {
        "id": "gg10215",
        "mag": 4.6,
        "depth": 201.1,
        "place": "synthetic event 215",
        "time": "2026-01-14T03:10:47.747Z"
      },
      "geometry": { "type": "Point", "coordinates": [-67.8078, -36.1066, 201.1] }
    },
    {
      "type": "Feature",
      "properties": {
        "id": "gg10216",
        "mag": 4.7,
        "depth": 280.5,
        "place": "synthetic event 216",
        "time": "2026-01-27T11:36:41.891Z"
      },
      "geometry": { "type": "Point", "coordinates": [-121.2367, 45.0538, 280.5] }
    },
    {
      "type": "Feature",
      "properties": {
        "id": "gg10217",
        "mag": 4.5,
        "depth": 331.6,
        "place": "synthetic event 217",
        "time": "2026-05-04T17:19:38.745Z"
      },
      "geometry": { "type": "Point", "coordinates": [-91.0422, 17.2766, 331.6] }
    },
    {
      "type": "Feature",
      "properties": {
        "id": "gg10218",
        "mag": 4.5,
        "depth": 449.3,
        "place": "synthetic event 218",
        "time": "2026-04-20T14:51:46.082Z"
      },
      "geometry": { "type": "Point", "coordinates": [-65.768, -39.6252, 449.3] }
    },
    {
      "type": "Feature",
      "properties": {
        "id": "gg10219",
        "mag": 7.6,
        "depth": 181.4,
        "place": "synthetic event 219",
        "time": "2026-02-21T08:00:50.041Z"
      },
      "geometry": { "type": "Point", "coordinates": [99.6654, 34.4865, 181.4] }
    },
    {
      "type": "Feature",
      "properties": {
        "id": "gg10220",
        "mag": 4.5,
        "depth": 241.6,
        "place": "synthetic event 220",
        "time": "2026-02-13T08:26:45.200Z"
      },
      "geometry": { "type": "Point", "coordinates": [-51.7459, -23.2215, 241.6] }
    },
    {
      "type": "Feature",
      "properties": {
        "id": "gg10221",
        "mag": 6.5,
        "depth": 297,
        "place": "synthetic event 221",
        "time": "2026-03-20T20:08:44.929Z"
      },
      "geometry": { "type": "Point", "coordinates": [17.4011, 34.0826, 297] }
    },
    {
      "type": "Feature",
      "properties": {
        "id": "gg10222",
        "mag": 4.5,
        "depth": 327.6,
        "place": "synthetic event 222",
        "time": "2026-03-15T01:00:45.832Z"
      },
      "geometry": { "type": "Point", "coordinates": [138.849, -0.17, 327.6] }
    },
    {
      "type": "Feature",
      "properties": {
        "id": "gg10223",
        "mag": 7.8,
        "depth": 577.1,
        "place": "synthetic event 223",
        "time": "2026-04-19T23:06:32.095Z"
      },
      "geometry": { "type": "Point", "coordinates": [25.8173, 38.6925, 577.1] }
    },
    {
      "type": "Feature",
      "properties": {
        "id": "gg10224",
        "mag": 7.6,
        "depth": 33.7,
        "place": "synthetic event 224",
        "time": "2026-05-25T05:15:49.982Z"
      },
      "geometry": { "type": "Point", "coordinates": [118.0853, -2.4033, 33.7] }
    },
    {
      "type": "Feature",
      "properties": {
        "id": "gg10225",
        "mag": 4.6,
        "depth": 381.7,
        "place": "synthetic event 225",
        "time": "2026-03-25T09:28:57.374Z"
      },
      "geometry": { "type": "Point", "coordinates": [130.9156, 2.1487, 381.7] }
    },
    {
      "type": "Feature",
      "properties": {
        "id": "gg10226",
        "mag": 7.2,
        "depth": 553.7,
        "place": "synthetic event 226",
        "time": "2026-02-11T09:56:15.712Z"
      },
      "geometry": { "type": "Point", "coordinates": [-93.1027, 8.2797, 553.7] }
    },
    {
      "type": "Feature",
      "properties": {
        "id": "gg10227",
        "mag": 6.2,
        "depth": 548.1,
        "place": "synthetic event 227",
        "time": "2026-06-08T05:02:50.994Z"
      },
      "geometry": { "type": "Point", "coordinates": [138.786, 3.9748, 548.1] }
    },
    {
      "type": "Feature",
      "properties": {
        "id": "gg10228",
        "mag": 5.3,
        "depth": 247.5,
        "place": "synthetic event 228",
        "time": "2026-06-19T20:18:24.805Z"
      },
      "geometry": { "type": "Point", "coordinates": [151.6145, 32.8798, 247.5] }
    },
    {
      "type": "Feature",
      "properties": {
        "id": "gg10229",
        "mag": 5.1,
        "depth": 207.2,
        "place": "synthetic event 229",
        "time": "2026-06-16T23:18:51.769Z"
      },
      "geometry": { "type": "Point", "coordinates": [116.3878, 46.0547, 207.2] }
    },
    {
      "type": "Feature",
      "properties": {
        "id": "gg10230",
        "mag": 5.4,
        "depth": 246.1,
        "place": "synthetic event 230",
        "time": "2026-02-04T16:47:50.035Z"
      },
      "geometry": { "type": "Point", "coordinates": [164.97, 29.113, 246.1] }
    },
    {
      "type": "Feature",
      "properties": {
        "id": "gg10231",
        "mag": 6.3,
        "depth": 601.2,
        "place": "synthetic event 231",
        "time": "2026-06-05T05:56:57.948Z"
      },
      "geometry": { "type": "Point", "coordinates": [-83.2443, 7.7285, 601.2] }
    },
    {
      "type": "Feature",
      "properties": {
        "id": "gg10232",
        "mag": 6,
        "depth": 38.2,
        "place": "synthetic event 232",
        "time": "2026-04-10T06:44:01.679Z"
      },
      "geometry": { "type": "Point", "coordinates": [-154.6421, 64.7934, 38.2] }
    },
    {
      "type": "Feature",
      "properties": {
        "id": "gg10233",
        "mag": 4.5,
        "depth": 335.8,
        "place": "synthetic event 233",
        "time": "2026-05-11T15:26:19.286Z"
      },
      "geometry": { "type": "Point", "coordinates": [102.9517, -3.6609, 335.8] }
    },
    {
      "type": "Feature",
      "properties": {
        "id": "gg10234",
        "mag": 4.5,
        "depth": 335.3,
        "place": "synthetic event 234",
        "time": "2026-01-29T13:42:52.950Z"
      },
      "geometry": { "type": "Point", "coordinates": [-59.6603, -36.4482, 335.3] }
    },
    {
      "type": "Feature",
      "properties": {
        "id": "gg10235",
        "mag": 5.2,
        "depth": 597.2,
        "place": "synthetic event 235",
        "time": "2026-05-20T04:21:37.349Z"
      },
      "geometry": { "type": "Point", "coordinates": [-73.9914, -34.5066, 597.2] }
    },
    {
      "type": "Feature",
      "properties": {
        "id": "gg10236",
        "mag": 4.5,
        "depth": 369.2,
        "place": "synthetic event 236",
        "time": "2026-06-28T05:22:47.818Z"
      },
      "geometry": { "type": "Point", "coordinates": [27.5146, 36.7365, 369.2] }
    },
    {
      "type": "Feature",
      "properties": {
        "id": "gg10237",
        "mag": 4.5,
        "depth": 473.7,
        "place": "synthetic event 237",
        "time": "2026-04-04T17:57:35.014Z"
      },
      "geometry": { "type": "Point", "coordinates": [-60.8884, -26.8105, 473.7] }
    },
    {
      "type": "Feature",
      "properties": {
        "id": "gg10238",
        "mag": 4.6,
        "depth": 265.5,
        "place": "synthetic event 238",
        "time": "2026-01-25T04:04:14.420Z"
      },
      "geometry": { "type": "Point", "coordinates": [13.6971, 36.5312, 265.5] }
    },
    {
      "type": "Feature",
      "properties": {
        "id": "gg10239",
        "mag": 5.6,
        "depth": 413.9,
        "place": "synthetic event 239",
        "time": "2026-01-07T19:16:08.465Z"
      },
      "geometry": { "type": "Point", "coordinates": [-149.0036, 64.7122, 413.9] }
    },
    {
      "type": "Feature",
      "properties": {
        "id": "gg10240",
        "mag": 4.5,
        "depth": 213.5,
        "place": "synthetic event 240",
        "time": "2026-05-08T11:04:57.653Z"
      },
      "geometry": { "type": "Point", "coordinates": [-74.4242, -35.4572, 213.5] }
    },
    {
      "type": "Feature",
      "properties": {
        "id": "gg10241",
        "mag": 4.5,
        "depth": 355.3,
        "place": "synthetic event 241",
        "time": "2026-04-20T02:31:49.146Z"
      },
      "geometry": { "type": "Point", "coordinates": [108.3385, 22.7431, 355.3] }
    },
    {
      "type": "Feature",
      "properties": {
        "id": "gg10242",
        "mag": 4.6,
        "depth": 611.9,
        "place": "synthetic event 242",
        "time": "2026-02-27T04:25:45.002Z"
      },
      "geometry": { "type": "Point", "coordinates": [123.2791, 1.9388, 611.9] }
    },
    {
      "type": "Feature",
      "properties": {
        "id": "gg10243",
        "mag": 4.6,
        "depth": 375,
        "place": "synthetic event 243",
        "time": "2026-05-14T05:48:56.623Z"
      },
      "geometry": { "type": "Point", "coordinates": [150.2826, 25.3955, 375] }
    },
    {
      "type": "Feature",
      "properties": {
        "id": "gg10244",
        "mag": 5,
        "depth": 270.3,
        "place": "synthetic event 244",
        "time": "2026-02-24T03:51:39.372Z"
      },
      "geometry": { "type": "Point", "coordinates": [86.8643, 32.9941, 270.3] }
    },
    {
      "type": "Feature",
      "properties": {
        "id": "gg10245",
        "mag": 4.5,
        "depth": 354.8,
        "place": "synthetic event 245",
        "time": "2026-01-29T01:15:21.139Z"
      },
      "geometry": { "type": "Point", "coordinates": [109.963, 31.8255, 354.8] }
    },
    {
      "type": "Feature",
      "properties": {
        "id": "gg10246",
        "mag": 5,
        "depth": 132.3,
        "place": "synthetic event 246",
        "time": "2026-05-20T14:09:08.778Z"
      },
      "geometry": { "type": "Point", "coordinates": [90.7083, 31.5683, 132.3] }
    },
    {
      "type": "Feature",
      "properties": {
        "id": "gg10247",
        "mag": 5.1,
        "depth": 587.3,
        "place": "synthetic event 247",
        "time": "2026-02-15T14:27:03.327Z"
      },
      "geometry": { "type": "Point", "coordinates": [33.1987, 32.4525, 587.3] }
    },
    {
      "type": "Feature",
      "properties": {
        "id": "gg10248",
        "mag": 5.9,
        "depth": 223.9,
        "place": "synthetic event 248",
        "time": "2026-04-12T01:23:11.415Z"
      },
      "geometry": { "type": "Point", "coordinates": [-100.8697, 14.081, 223.9] }
    },
    {
      "type": "Feature",
      "properties": {
        "id": "gg10249",
        "mag": 5.8,
        "depth": 540.9,
        "place": "synthetic event 249",
        "time": "2026-03-29T08:35:31.618Z"
      },
      "geometry": { "type": "Point", "coordinates": [-161.2142, 60.221, 540.9] }
    },
    {
      "type": "Feature",
      "properties": {
        "id": "gg10250",
        "mag": 4.7,
        "depth": 410.5,
        "place": "synthetic event 250",
        "time": "2026-05-28T07:15:53.505Z"
      },
      "geometry": { "type": "Point", "coordinates": [27.5224, 33.9876, 410.5] }
    },
    {
      "type": "Feature",
      "properties": {
        "id": "gg10251",
        "mag": 4.8,
        "depth": 205.3,
        "place": "synthetic event 251",
        "time": "2026-01-13T02:45:31.000Z"
      },
      "geometry": { "type": "Point", "coordinates": [-136.2792, 37.538, 205.3] }
    },
    {
      "type": "Feature",
      "properties": {
        "id": "gg10252",
        "mag": 5,
        "depth": 105.5,
        "place": "synthetic event 252",
        "time": "2026-02-01T00:27:25.635Z"
      },
      "geometry": { "type": "Point", "coordinates": [141.8826, 3.3889, 105.5] }
    },
    {
      "type": "Feature",
      "properties": {
        "id": "gg10253",
        "mag": 4.6,
        "depth": 545.4,
        "place": "synthetic event 253",
        "time": "2026-04-26T12:49:36.993Z"
      },
      "geometry": { "type": "Point", "coordinates": [149.5571, 45.0782, 545.4] }
    },
    {
      "type": "Feature",
      "properties": {
        "id": "gg10254",
        "mag": 5.6,
        "depth": 36.4,
        "place": "synthetic event 254",
        "time": "2026-07-04T10:18:27.665Z"
      },
      "geometry": { "type": "Point", "coordinates": [164.1726, 24.7083, 36.4] }
    },
    {
      "type": "Feature",
      "properties": {
        "id": "gg10255",
        "mag": 7.5,
        "depth": 78.2,
        "place": "synthetic event 255",
        "time": "2026-06-08T14:54:37.824Z"
      },
      "geometry": { "type": "Point", "coordinates": [-84.1019, 12.2629, 78.2] }
    },
    {
      "type": "Feature",
      "properties": {
        "id": "gg10256",
        "mag": 4.5,
        "depth": 96.1,
        "place": "synthetic event 256",
        "time": "2026-01-25T12:01:09.611Z"
      },
      "geometry": { "type": "Point", "coordinates": [-89.7869, -22.8036, 96.1] }
    },
    {
      "type": "Feature",
      "properties": {
        "id": "gg10257",
        "mag": 4.6,
        "depth": 489.9,
        "place": "synthetic event 257",
        "time": "2026-02-10T17:44:42.711Z"
      },
      "geometry": { "type": "Point", "coordinates": [-110.8065, 42.5587, 489.9] }
    },
    {
      "type": "Feature",
      "properties": {
        "id": "gg10258",
        "mag": 6.3,
        "depth": 255,
        "place": "synthetic event 258",
        "time": "2026-03-02T02:30:08.712Z"
      },
      "geometry": { "type": "Point", "coordinates": [102.5689, 33.01, 255] }
    },
    {
      "type": "Feature",
      "properties": {
        "id": "gg10259",
        "mag": 5.3,
        "depth": 180.6,
        "place": "synthetic event 259",
        "time": "2026-04-24T12:35:45.170Z"
      },
      "geometry": { "type": "Point", "coordinates": [107.8338, 22.6634, 180.6] }
    },
    {
      "type": "Feature",
      "properties": {
        "id": "gg10260",
        "mag": 4.9,
        "depth": 580.6,
        "place": "synthetic event 260",
        "time": "2026-02-23T10:12:23.614Z"
      },
      "geometry": { "type": "Point", "coordinates": [-77.3967, -22.7381, 580.6] }
    },
    {
      "type": "Feature",
      "properties": {
        "id": "gg10261",
        "mag": 4.7,
        "depth": 496.7,
        "place": "synthetic event 261",
        "time": "2026-01-25T02:19:20.737Z"
      },
      "geometry": { "type": "Point", "coordinates": [-150.4605, 57.4962, 496.7] }
    },
    {
      "type": "Feature",
      "properties": {
        "id": "gg10262",
        "mag": 4.5,
        "depth": 173.8,
        "place": "synthetic event 262",
        "time": "2026-02-22T08:45:29.143Z"
      },
      "geometry": { "type": "Point", "coordinates": [81.6706, 30.294, 173.8] }
    },
    {
      "type": "Feature",
      "properties": {
        "id": "gg10263",
        "mag": 5.6,
        "depth": 161.9,
        "place": "synthetic event 263",
        "time": "2026-05-08T12:22:01.907Z"
      },
      "geometry": { "type": "Point", "coordinates": [138.9963, 47.2205, 161.9] }
    },
    {
      "type": "Feature",
      "properties": {
        "id": "gg10264",
        "mag": 5,
        "depth": 209.3,
        "place": "synthetic event 264",
        "time": "2026-03-05T07:45:14.552Z"
      },
      "geometry": { "type": "Point", "coordinates": [87.244, 22.9384, 209.3] }
    },
    {
      "type": "Feature",
      "properties": {
        "id": "gg10265",
        "mag": 6.7,
        "depth": 369.9,
        "place": "synthetic event 265",
        "time": "2026-05-30T23:55:32.152Z"
      },
      "geometry": { "type": "Point", "coordinates": [26.5488, 40.7873, 369.9] }
    },
    {
      "type": "Feature",
      "properties": {
        "id": "gg10266",
        "mag": 4.8,
        "depth": 423.2,
        "place": "synthetic event 266",
        "time": "2026-02-03T08:35:12.284Z"
      },
      "geometry": { "type": "Point", "coordinates": [129.0321, -12.7809, 423.2] }
    },
    {
      "type": "Feature",
      "properties": {
        "id": "gg10267",
        "mag": 7.3,
        "depth": 472.8,
        "place": "synthetic event 267",
        "time": "2026-03-26T12:15:14.985Z"
      },
      "geometry": { "type": "Point", "coordinates": [-90.1231, 16.5169, 472.8] }
    },
    {
      "type": "Feature",
      "properties": {
        "id": "gg10268",
        "mag": 4.5,
        "depth": 43.9,
        "place": "synthetic event 268",
        "time": "2026-07-01T21:09:08.076Z"
      },
      "geometry": { "type": "Point", "coordinates": [129.1498, 23.2377, 43.9] }
    },
    {
      "type": "Feature",
      "properties": {
        "id": "gg10269",
        "mag": 4.5,
        "depth": 25.6,
        "place": "synthetic event 269",
        "time": "2026-04-06T11:18:32.452Z"
      },
      "geometry": { "type": "Point", "coordinates": [140.497, -12.6991, 25.6] }
    },
    {
      "type": "Feature",
      "properties": {
        "id": "gg10270",
        "mag": 4.6,
        "depth": 11.7,
        "place": "synthetic event 270",
        "time": "2026-05-29T10:45:52.650Z"
      },
      "geometry": { "type": "Point", "coordinates": [102.6734, 34.9441, 11.7] }
    },
    {
      "type": "Feature",
      "properties": {
        "id": "gg10271",
        "mag": 5.6,
        "depth": 113.9,
        "place": "synthetic event 271",
        "time": "2026-02-06T09:27:58.790Z"
      },
      "geometry": { "type": "Point", "coordinates": [-60.2719, -23.5993, 113.9] }
    },
    {
      "type": "Feature",
      "properties": {
        "id": "gg10272",
        "mag": 4.7,
        "depth": 537.1,
        "place": "synthetic event 272",
        "time": "2026-06-17T22:02:14.733Z"
      },
      "geometry": { "type": "Point", "coordinates": [141.6808, -15.56, 537.1] }
    },
    {
      "type": "Feature",
      "properties": {
        "id": "gg10273",
        "mag": 5.7,
        "depth": 462.7,
        "place": "synthetic event 273",
        "time": "2026-06-30T12:58:51.541Z"
      },
      "geometry": { "type": "Point", "coordinates": [-92.8899, 15.952, 462.7] }
    },
    {
      "type": "Feature",
      "properties": {
        "id": "gg10274",
        "mag": 4.8,
        "depth": 491.8,
        "place": "synthetic event 274",
        "time": "2026-01-14T16:50:41.379Z"
      },
      "geometry": { "type": "Point", "coordinates": [-56.5787, -29.8757, 491.8] }
    },
    {
      "type": "Feature",
      "properties": {
        "id": "gg10275",
        "mag": 5,
        "depth": 131.7,
        "place": "synthetic event 275",
        "time": "2026-02-23T02:59:33.317Z"
      },
      "geometry": { "type": "Point", "coordinates": [-85.0275, -32.2302, 131.7] }
    },
    {
      "type": "Feature",
      "properties": {
        "id": "gg10276",
        "mag": 7.1,
        "depth": 8.4,
        "place": "synthetic event 276",
        "time": "2026-06-27T08:35:58.036Z"
      },
      "geometry": { "type": "Point", "coordinates": [13.5886, 38.3598, 8.4] }
    },
    {
      "type": "Feature",
      "properties": {
        "id": "gg10277",
        "mag": 5.5,
        "depth": 134.1,
        "place": "synthetic event 277",
        "time": "2026-02-22T07:32:02.539Z"
      },
      "geometry": { "type": "Point", "coordinates": [101.2027, -13.2912, 134.1] }
    },
    {
      "type": "Feature",
      "properties": {
        "id": "gg10278",
        "mag": 4.5,
        "depth": 561.6,
        "place": "synthetic event 278",
        "time": "2026-01-16T18:36:22.039Z"
      },
      "geometry": { "type": "Point", "coordinates": [104.9899, 34.8263, 561.6] }
    },
    {
      "type": "Feature",
      "properties": {
        "id": "gg10279",
        "mag": 4.9,
        "depth": 282.3,
        "place": "synthetic event 279",
        "time": "2026-05-12T07:46:15.632Z"
      },
      "geometry": { "type": "Point", "coordinates": [-114.9895, 35.6896, 282.3] }
    },
    {
      "type": "Feature",
      "properties": {
        "id": "gg10280",
        "mag": 7.2,
        "depth": 205.1,
        "place": "synthetic event 280",
        "time": "2026-02-21T02:30:49.920Z"
      },
      "geometry": { "type": "Point", "coordinates": [-143.1224, 61.563, 205.1] }
    },
    {
      "type": "Feature",
      "properties": {
        "id": "gg10281",
        "mag": 4.5,
        "depth": 464.2,
        "place": "synthetic event 281",
        "time": "2026-06-09T12:56:39.014Z"
      },
      "geometry": { "type": "Point", "coordinates": [129.0066, -2.7223, 464.2] }
    },
    {
      "type": "Feature",
      "properties": {
        "id": "gg10282",
        "mag": 4.5,
        "depth": 557.2,
        "place": "synthetic event 282",
        "time": "2026-06-18T09:17:07.945Z"
      },
      "geometry": { "type": "Point", "coordinates": [-132.4703, 40.0089, 557.2] }
    },
    {
      "type": "Feature",
      "properties": {
        "id": "gg10283",
        "mag": 4.5,
        "depth": 357.3,
        "place": "synthetic event 283",
        "time": "2026-01-31T10:31:29.587Z"
      },
      "geometry": { "type": "Point", "coordinates": [115.2318, -1.8726, 357.3] }
    },
    {
      "type": "Feature",
      "properties": {
        "id": "gg10284",
        "mag": 4.5,
        "depth": 116.5,
        "place": "synthetic event 284",
        "time": "2026-05-20T21:04:24.846Z"
      },
      "geometry": { "type": "Point", "coordinates": [-162.8153, 60.1185, 116.5] }
    },
    {
      "type": "Feature",
      "properties": {
        "id": "gg10285",
        "mag": 5.3,
        "depth": 25.3,
        "place": "synthetic event 285",
        "time": "2026-02-01T03:05:08.530Z"
      },
      "geometry": { "type": "Point", "coordinates": [-144.4119, 66.4582, 25.3] }
    },
    {
      "type": "Feature",
      "properties": {
        "id": "gg10286",
        "mag": 7.4,
        "depth": 380.4,
        "place": "synthetic event 286",
        "time": "2026-01-13T21:12:10.659Z"
      },
      "geometry": { "type": "Point", "coordinates": [161.1445, 26.6615, 380.4] }
    },
    {
      "type": "Feature",
      "properties": {
        "id": "gg10287",
        "mag": 4.8,
        "depth": 475,
        "place": "synthetic event 287",
        "time": "2026-02-19T18:00:46.329Z"
      },
      "geometry": { "type": "Point", "coordinates": [108.2699, 4.6468, 475] }
    },
    {
      "type": "Feature",
      "properties": {
        "id": "gg10288",
        "mag": 5.6,
        "depth": 202.5,
        "place": "synthetic event 288",
        "time": "2026-01-21T02:14:03.074Z"
      },
      "geometry": { "type": "Point", "coordinates": [100.6148, 31.1888, 202.5] }
    },
    {
      "type": "Feature",
      "properties": {
        "id": "gg10289",
        "mag": 7.6,
        "depth": 402.2,
        "place": "synthetic event 289",
        "time": "2026-03-10T07:17:32.575Z"
      },
      "geometry": { "type": "Point", "coordinates": [107.0727, 35.3694, 402.2] }
    },
    {
      "type": "Feature",
      "properties": {
        "id": "gg10290",
        "mag": 5,
        "depth": 253.8,
        "place": "synthetic event 290",
        "time": "2026-03-09T20:22:19.428Z"
      },
      "geometry": { "type": "Point", "coordinates": [29.0476, 42.0242, 253.8] }
    },
    {
      "type": "Feature",
      "properties": {
        "id": "gg10291",
        "mag": 4.5,
        "depth": 105.5,
        "place": "synthetic event 291",
        "time": "2026-04-28T02:22:56.524Z"
      },
      "geometry": { "type": "Point", "coordinates": [32.1345, 39.7047, 105.5] }
    },
    {
      "type": "Feature",
      "properties": {
        "id": "gg10292",
        "mag": 5.8,
        "depth": 8.9,
        "place": "synthetic event 292",
        "time": "2026-04-30T12:33:52.972Z"
      },
      "geometry": { "type": "Point", "coordinates": [31.9459, 36.1939, 8.9] }
    },
    {
      "type": "Feature",
      "properties": {
        "id": "gg10293",
        "mag": 6.5,
        "depth": 27.4,
        "place": "synthetic event 293",
        "time": "2026-02-22T12:32:22.308Z"
      },
      "geometry": { "type": "Point", "coordinates": [-80.8755, 20.7251, 27.4] }
    },
    {
      "type": "Feature",
      "properties": {
        "id": "gg10294",
        "mag": 5.3,
        "depth": 142.9,
        "place": "synthetic event 294",
        "time": "2026-05-07T11:04:57.002Z"
      },
      "geometry": { "type": "Point", "coordinates": [-143.4471, 66.1632, 142.9] }
    },
    {
      "type": "Feature",
      "properties": {
        "id": "gg10295",
        "mag": 5.9,
        "depth": 5.8,
        "place": "synthetic event 295",
        "time": "2026-01-19T20:27:01.571Z"
      },
      "geometry": { "type": "Point", "coordinates": [-105.0205, 29.6919, 5.8] }
    },
    {
      "type": "Feature",
      "properties": {
        "id": "gg10296",
        "mag": 4.7,
        "depth": 153.9,
        "place": "synthetic event 296",
        "time": "2026-01-25T01:00:53.524Z"
      },
      "geometry": { "type": "Point", "coordinates": [151.0394, 42.4479, 153.9] }
    },
    {
      "type": "Feature",
      "properties": {
        "id": "gg10297",
        "mag": 4.5,
        "depth": 120.5,
        "place": "synthetic event 297",
        "time": "2026-01-11T04:20:35.677Z"
      },
      "geometry": { "type": "Point", "coordinates": [117.9847, -12.5216, 120.5] }
    },
    {
      "type": "Feature",
      "properties": {
        "id": "gg10298",
        "mag": 5.4,
        "depth": 572.8,
        "place": "synthetic event 298",
        "time": "2026-02-28T05:11:10.710Z"
      },
      "geometry": { "type": "Point", "coordinates": [90.1382, 27.181, 572.8] }
    },
    {
      "type": "Feature",
      "properties": {
        "id": "gg10299",
        "mag": 4.6,
        "depth": 354.2,
        "place": "synthetic event 299",
        "time": "2026-02-27T21:04:27.350Z"
      },
      "geometry": { "type": "Point", "coordinates": [141.4569, -14.9195, 354.2] }
    },
    {
      "type": "Feature",
      "properties": {
        "id": "gg10300",
        "mag": 4.5,
        "depth": 587.4,
        "place": "synthetic event 300",
        "time": "2026-03-19T20:06:47.296Z"
      },
      "geometry": { "type": "Point", "coordinates": [-83.7983, -20.3066, 587.4] }
    },
    {
      "type": "Feature",
      "properties": {
        "id": "gg10301",
        "mag": 5.7,
        "depth": 176.7,
        "place": "synthetic event 301",
        "time": "2026-06-09T19:26:52.036Z"
      },
      "geometry": { "type": "Point", "coordinates": [135.3189, -12.3359, 176.7] }
    },
    {
      "type": "Feature",
      "properties": {
        "id": "gg10302",
        "mag": 4.8,
        "depth": 411.8,
        "place": "synthetic event 302",
        "time": "2026-06-16T05:44:56.662Z"
      },
      "geometry": { "type": "Point", "coordinates": [89.564, 32.9778, 411.8] }
    },
    {
      "type": "Feature",
      "properties": {
        "id": "gg10303",
        "mag": 4.5,
        "depth": 387.9,
        "place": "synthetic event 303",
        "time": "2026-02-11T16:17:24.375Z"
      },
      "geometry": { "type": "Point", "coordinates": [16.8583, 32.4313, 387.9] }
    },
    {
      "type": "Feature",
      "properties": {
        "id": "gg10304",
        "mag": 4.6,
        "depth": 445.1,
        "place": "synthetic event 304",
        "time": "2026-01-30T17:14:13.714Z"
      },
      "geometry": { "type": "Point", "coordinates": [84.6104, 23.165, 445.1] }
    },
    {
      "type": "Feature",
      "properties": {
        "id": "gg10305",
        "mag": 8,
        "depth": 216.3,
        "place": "synthetic event 305",
        "time": "2026-07-06T18:04:47.986Z"
      },
      "geometry": { "type": "Point", "coordinates": [19.7919, 40.2975, 216.3] }
    },
    {
      "type": "Feature",
      "properties": {
        "id": "gg10306",
        "mag": 4.6,
        "depth": 259.6,
        "place": "synthetic event 306",
        "time": "2026-07-01T04:12:09.087Z"
      },
      "geometry": { "type": "Point", "coordinates": [33.8738, 37.3165, 259.6] }
    },
    {
      "type": "Feature",
      "properties": {
        "id": "gg10307",
        "mag": 4.5,
        "depth": 101.9,
        "place": "synthetic event 307",
        "time": "2026-05-15T11:22:39.705Z"
      },
      "geometry": { "type": "Point", "coordinates": [103.6274, 2.9399, 101.9] }
    },
    {
      "type": "Feature",
      "properties": {
        "id": "gg10308",
        "mag": 4.8,
        "depth": 584.6,
        "place": "synthetic event 308",
        "time": "2026-03-18T17:34:52.829Z"
      },
      "geometry": { "type": "Point", "coordinates": [-153.3168, 57.9558, 584.6] }
    },
    {
      "type": "Feature",
      "properties": {
        "id": "gg10309",
        "mag": 4.6,
        "depth": 530.2,
        "place": "synthetic event 309",
        "time": "2026-05-02T20:14:37.788Z"
      },
      "geometry": { "type": "Point", "coordinates": [15.8917, 43.1668, 530.2] }
    },
    {
      "type": "Feature",
      "properties": {
        "id": "gg10310",
        "mag": 5.6,
        "depth": 172.1,
        "place": "synthetic event 310",
        "time": "2026-03-01T05:21:20.503Z"
      },
      "geometry": { "type": "Point", "coordinates": [-102.6818, 16.3594, 172.1] }
    },
    {
      "type": "Feature",
      "properties": {
        "id": "gg10311",
        "mag": 4.5,
        "depth": 284.7,
        "place": "synthetic event 311",
        "time": "2026-02-24T03:30:37.279Z"
      },
      "geometry": { "type": "Point", "coordinates": [117.2242, 4.569, 284.7] }
    },
    {
      "type": "Feature",
      "properties": {
        "id": "gg10312",
        "mag": 4.6,
        "depth": 167.6,
        "place": "synthetic event 312",
        "time": "2026-06-08T04:51:28.681Z"
      },
      "geometry": { "type": "Point", "coordinates": [141.1405, -3.0173, 167.6] }
    },
    {
      "type": "Feature",
      "properties": {
        "id": "gg10313",
        "mag": 4.6,
        "depth": 50.7,
        "place": "synthetic event 313",
        "time": "2026-01-07T03:28:27.669Z"
      },
      "geometry": { "type": "Point", "coordinates": [-81.9117, 8.5283, 50.7] }
    },
    {
      "type": "Feature",
      "properties": {
        "id": "gg10314",
        "mag": 4.6,
        "depth": 415.7,
        "place": "synthetic event 314",
        "time": "2026-01-25T10:11:20.445Z"
      },
      "geometry": { "type": "Point", "coordinates": [-85.3751, 19.0343, 415.7] }
    },
    {
      "type": "Feature",
      "properties": {
        "id": "gg10315",
        "mag": 4.6,
        "depth": 476.7,
        "place": "synthetic event 315",
        "time": "2026-05-23T18:09:54.884Z"
      },
      "geometry": { "type": "Point", "coordinates": [-60.0617, -20.7259, 476.7] }
    },
    {
      "type": "Feature",
      "properties": {
        "id": "gg10316",
        "mag": 5.4,
        "depth": 164.8,
        "place": "synthetic event 316",
        "time": "2026-03-09T15:26:46.752Z"
      },
      "geometry": { "type": "Point", "coordinates": [-73.9422, -37.6331, 164.8] }
    },
    {
      "type": "Feature",
      "properties": {
        "id": "gg10317",
        "mag": 7.2,
        "depth": 506,
        "place": "synthetic event 317",
        "time": "2026-02-13T09:31:58.245Z"
      },
      "geometry": { "type": "Point", "coordinates": [-125.4146, 41.3911, 506] }
    },
    {
      "type": "Feature",
      "properties": {
        "id": "gg10318",
        "mag": 4.9,
        "depth": 581.1,
        "place": "synthetic event 318",
        "time": "2026-03-08T17:57:30.008Z"
      },
      "geometry": { "type": "Point", "coordinates": [27.9091, 32.7935, 581.1] }
    },
    {
      "type": "Feature",
      "properties": {
        "id": "gg10319",
        "mag": 4.9,
        "depth": 298.3,
        "place": "synthetic event 319",
        "time": "2026-04-08T14:33:50.053Z"
      },
      "geometry": { "type": "Point", "coordinates": [-61.7406, -32.493, 298.3] }
    },
    {
      "type": "Feature",
      "properties": {
        "id": "gg10320",
        "mag": 4.9,
        "depth": 606.5,
        "place": "synthetic event 320",
        "time": "2026-01-20T16:12:51.845Z"
      },
      "geometry": { "type": "Point", "coordinates": [-75.8613, -20.3803, 606.5] }
    },
    {
      "type": "Feature",
      "properties": {
        "id": "gg10321",
        "mag": 6.5,
        "depth": 5.8,
        "place": "synthetic event 321",
        "time": "2026-02-17T23:39:34.067Z"
      },
      "geometry": { "type": "Point", "coordinates": [-164.8706, 65.9017, 5.8] }
    },
    {
      "type": "Feature",
      "properties": {
        "id": "gg10322",
        "mag": 7.6,
        "depth": 596.4,
        "place": "synthetic event 322",
        "time": "2026-02-18T10:47:23.689Z"
      },
      "geometry": { "type": "Point", "coordinates": [105.3227, -14.1036, 596.4] }
    },
    {
      "type": "Feature",
      "properties": {
        "id": "gg10323",
        "mag": 4.5,
        "depth": 80.4,
        "place": "synthetic event 323",
        "time": "2026-05-25T02:15:30.384Z"
      },
      "geometry": { "type": "Point", "coordinates": [36.3898, 37.9264, 80.4] }
    },
    {
      "type": "Feature",
      "properties": {
        "id": "gg10324",
        "mag": 4.9,
        "depth": 204.5,
        "place": "synthetic event 324",
        "time": "2026-04-24T20:34:49.926Z"
      },
      "geometry": { "type": "Point", "coordinates": [100.7111, 31.9496, 204.5] }
    },
    {
      "type": "Feature",
      "properties": {
        "id": "gg10325",
        "mag": 4.5,
        "depth": 86.3,
        "place": "synthetic event 325",
        "time": "2026-06-28T03:51:52.112Z"
      },
      "geometry": { "type": "Point", "coordinates": [99.3422, 26.6472, 86.3] }
    },
    {
      "type": "Feature",
      "properties": {
        "id": "gg10326",
        "mag": 4.5,
        "depth": 216.7,
        "place": "synthetic event 326",
        "time": "2026-03-08T20:06:19.157Z"
      },
      "geometry": { "type": "Point", "coordinates": [105.8162, 30.4668, 216.7] }
    },
    {
      "type": "Feature",
      "properties": {
        "id": "gg10327",
        "mag": 7.3,
        "depth": 247.4,
        "place": "synthetic event 327",
        "time": "2026-01-07T20:24:59.626Z"
      },
      "geometry": { "type": "Point", "coordinates": [121.083, -14.2445, 247.4] }
    },
    {
      "type": "Feature",
      "properties": {
        "id": "gg10328",
        "mag": 5,
        "depth": 336.1,
        "place": "synthetic event 328",
        "time": "2026-04-24T19:55:46.573Z"
      },
      "geometry": { "type": "Point", "coordinates": [93.7005, 23.2698, 336.1] }
    },
    {
      "type": "Feature",
      "properties": {
        "id": "gg10329",
        "mag": 7.8,
        "depth": 208.4,
        "place": "synthetic event 329",
        "time": "2026-04-09T07:27:44.017Z"
      },
      "geometry": { "type": "Point", "coordinates": [156.5424, 29.3726, 208.4] }
    },
    {
      "type": "Feature",
      "properties": {
        "id": "gg10330",
        "mag": 4.5,
        "depth": 205.5,
        "place": "synthetic event 330",
        "time": "2026-06-11T06:30:52.950Z"
      },
      "geometry": { "type": "Point", "coordinates": [164.888, 46.9906, 205.5] }
    },
    {
      "type": "Feature",
      "properties": {
        "id": "gg10331",
        "mag": 4.6,
        "depth": 147.5,
        "place": "synthetic event 331",
        "time": "2026-02-06T05:36:58.612Z"
      },
      "geometry": { "type": "Point", "coordinates": [-60.2161, -28.8897, 147.5] }
    },
    {
      "type": "Feature",
      "properties": {
        "id": "gg10332",
        "mag": 7.8,
        "depth": 257.2,
        "place": "synthetic event 332",
        "time": "2026-02-28T05:02:21.265Z"
      },
      "geometry": { "type": "Point", "coordinates": [-159.114, 58.1529, 257.2] }
    },
    {
      "type": "Feature",
      "properties": {
        "id": "gg10333",
        "mag": 6,
        "depth": 27.3,
        "place": "synthetic event 333",
        "time": "2026-03-03T12:16:22.028Z"
      },
      "geometry": { "type": "Point", "coordinates": [107.323, -14.4635, 27.3] }
    },
    {
      "type": "Feature",
      "properties": {
        "id": "gg10334",
        "mag": 4.5,
        "depth": 431.3,
        "place": "synthetic event 334",
        "time": "2026-01-30T07:19:06.012Z"
      },
      "geometry": { "type": "Point", "coordinates": [33.6268, 32.7577, 431.3] }
    },
    {
      "type": "Feature",
      "properties": {
        "id": "gg10335",
        "mag": 5,
        "depth": 223.8,
        "place": "synthetic event 335",
        "time": "2026-03-23T14:29:48.463Z"
      },
      "geometry": { "type": "Point", "coordinates": [-129.2229, 30.4823, 223.8] }
    },
    {
      "type": "Feature",
      "properties": {
        "id": "gg10336",
        "mag": 7.8,
        "depth": 155.9,
        "place": "synthetic event 336",
        "time": "2026-02-10T15:12:59.615Z"
      },
      "geometry": { "type": "Point", "coordinates": [-141.9363, 61.0618, 155.9] }
    },
    {
      "type": "Feature",
      "properties": {
        "id": "gg10337",
        "mag": 7.8,
        "depth": 325.2,
        "place": "synthetic event 337",
        "time": "2026-02-19T13:30:08.777Z"
      },
      "geometry": { "type": "Point", "coordinates": [-62.1747, -39.4928, 325.2] }
    },
    {
      "type": "Feature",
      "properties": {
        "id": "gg10338",
        "mag": 4.9,
        "depth": 5.2,
        "place": "synthetic event 338",
        "time": "2026-03-04T00:31:33.684Z"
      },
      "geometry": { "type": "Point", "coordinates": [-88.0025, -28.7997, 5.2] }
    },
    {
      "type": "Feature",
      "properties": {
        "id": "gg10339",
        "mag": 5.9,
        "depth": 410,
        "place": "synthetic event 339",
        "time": "2026-04-11T22:40:07.870Z"
      },
      "geometry": { "type": "Point", "coordinates": [-100.0787, 20.7538, 410] }
    },
    {
      "type": "Feature",
      "properties": {
        "id": "gg10340",
        "mag": 6.3,
        "depth": 73.3,
        "place": "synthetic event 340",
        "time": "2026-04-17T21:45:47.024Z"
      },
      "geometry": { "type": "Point", "coordinates": [142.4156, 27.0124, 73.3] }
    },
    {
      "type": "Feature",
      "properties": {
        "id": "gg10341",
        "mag": 5.4,
        "depth": 14.6,
        "place": "synthetic event 341",
        "time": "2026-01-26T08:45:02.173Z"
      },
      "geometry": { "type": "Point", "coordinates": [124.117, 23.6644, 14.6] }
    },
    {
      "type": "Feature",
      "properties": {
        "id": "gg10342",
        "mag": 6.7,
        "depth": 124,
        "place": "synthetic event 342",
        "time": "2026-01-24T21:03:10.671Z"
      },
      "geometry": { "type": "Point", "coordinates": [-167.1958, 57.7534, 124] }
    },
    {
      "type": "Feature",
      "properties": {
        "id": "gg10343",
        "mag": 5.1,
        "depth": 301.4,
        "place": "synthetic event 343",
        "time": "2026-01-14T00:54:38.636Z"
      },
      "geometry": { "type": "Point", "coordinates": [-92.1929, 17.8568, 301.4] }
    },
    {
      "type": "Feature",
      "properties": {
        "id": "gg10344",
        "mag": 7.7,
        "depth": 35.9,
        "place": "synthetic event 344",
        "time": "2026-05-29T07:30:56.450Z"
      },
      "geometry": { "type": "Point", "coordinates": [-56.0828, -32.8084, 35.9] }
    },
    {
      "type": "Feature",
      "properties": {
        "id": "gg10345",
        "mag": 5.9,
        "depth": 104.2,
        "place": "synthetic event 345",
        "time": "2026-05-09T19:11:48.189Z"
      },
      "geometry": { "type": "Point", "coordinates": [-75.1893, -27.4938, 104.2] }
    },
    {
      "type": "Feature",
      "properties": {
        "id": "gg10346",
        "mag": 7.3,
        "depth": 558.1,
        "place": "synthetic event 346",
        "time": "2026-02-23T03:37:21.635Z"
      },
      "geometry": { "type": "Point", "coordinates": [107.8408, 29.6753, 558.1] }
    },
    {
      "type": "Feature",
      "properties": {
        "id": "gg10347",
        "mag": 4.5,
        "depth": 515.7,
        "place": "synthetic event 347",
        "time": "2026-07-04T02:16:42.118Z"
      },
      "geometry": { "type": "Point", "coordinates": [-66.2136, -38.2578, 515.7] }
    },
    {
      "type": "Feature",
      "properties": {
        "id": "gg10348",
        "mag": 4.6,
        "depth": 470.9,
        "place": "synthetic event 348",
        "time": "2026-05-26T08:41:53.358Z"
      },
      "geometry": { "type": "Point", "coordinates": [128.8757, -3.7921, 470.9] }
    },
    {
      "type": "Feature",
      "properties": {
        "id": "gg10349",
        "mag": 4.6,
        "depth": 617.5,
        "place": "synthetic event 349",
        "time": "2026-04-03T23:01:02.886Z"
      },
      "geometry": { "type": "Point", "coordinates": [18.8384, 35.8292, 617.5] }
    },
    {
      "type": "Feature",
      "properties": {
        "id": "gg10350",
        "mag": 4.9,
        "depth": 301,
        "place": "synthetic event 350",
        "time": "2026-04-01T20:21:18.444Z"
      },
      "geometry": { "type": "Point", "coordinates": [-124.9057, 45.7599, 301] }
    },
    {
      "type": "Feature",
      "properties": {
        "id": "gg10351",
        "mag": 6.2,
        "depth": 192.6,
        "place": "synthetic event 351",
        "time": "2026-04-21T21:07:06.318Z"
      },
      "geometry": { "type": "Point", "coordinates": [118.3321, -2.8866, 192.6] }
    },
    {
      "type": "Feature",
      "properties": {
        "id": "gg10352",
        "mag": 4.5,
        "depth": 29.8,
        "place": "synthetic event 352",
        "time": "2026-05-10T11:51:32.524Z"
      },
      "geometry": { "type": "Point", "coordinates": [-93.4114, 19.714, 29.8] }
    },
    {
      "type": "Feature",
      "properties": {
        "id": "gg10353",
        "mag": 5.8,
        "depth": 6.6,
        "place": "synthetic event 353",
        "time": "2026-02-22T21:48:21.006Z"
      },
      "geometry": { "type": "Point", "coordinates": [130.0678, -3.2593, 6.6] }
    },
    {
      "type": "Feature",
      "properties": {
        "id": "gg10354",
        "mag": 5.9,
        "depth": 354.7,
        "place": "synthetic event 354",
        "time": "2026-07-05T19:38:54.591Z"
      },
      "geometry": { "type": "Point", "coordinates": [-116.2531, 39.741, 354.7] }
    },
    {
      "type": "Feature",
      "properties": {
        "id": "gg10355",
        "mag": 4.5,
        "depth": 542.3,
        "place": "synthetic event 355",
        "time": "2026-06-14T09:17:55.674Z"
      },
      "geometry": { "type": "Point", "coordinates": [126.0739, 32.1352, 542.3] }
    },
    {
      "type": "Feature",
      "properties": {
        "id": "gg10356",
        "mag": 5.1,
        "depth": 476.5,
        "place": "synthetic event 356",
        "time": "2026-04-03T22:19:02.430Z"
      },
      "geometry": { "type": "Point", "coordinates": [-81.0214, -29.6898, 476.5] }
    },
    {
      "type": "Feature",
      "properties": {
        "id": "gg10357",
        "mag": 4.8,
        "depth": 9,
        "place": "synthetic event 357",
        "time": "2026-03-06T06:29:11.479Z"
      },
      "geometry": { "type": "Point", "coordinates": [136.1833, 4.7962, 9] }
    },
    {
      "type": "Feature",
      "properties": {
        "id": "gg10358",
        "mag": 4.5,
        "depth": 183.2,
        "place": "synthetic event 358",
        "time": "2026-04-16T01:35:17.347Z"
      },
      "geometry": { "type": "Point", "coordinates": [-68.5819, -25.7069, 183.2] }
    },
    {
      "type": "Feature",
      "properties": {
        "id": "gg10359",
        "mag": 4.5,
        "depth": 10.8,
        "place": "synthetic event 359",
        "time": "2026-03-25T09:39:24.633Z"
      },
      "geometry": { "type": "Point", "coordinates": [-86.215, 11.2813, 10.8] }
    },
    {
      "type": "Feature",
      "properties": {
        "id": "gg10360",
        "mag": 4.8,
        "depth": 216.5,
        "place": "synthetic event 360",
        "time": "2026-01-21T15:04:12.054Z"
      },
      "geometry": { "type": "Point", "coordinates": [-125.032, 29.0914, 216.5] }
    },
    {
      "type": "Feature",
      "properties": {
        "id": "gg10361",
        "mag": 4.7,
        "depth": 506.7,
        "place": "synthetic event 361",
        "time": "2026-01-18T09:33:28.500Z"
      },
      "geometry": { "type": "Point", "coordinates": [-110.9569, 36.7883, 506.7] }
    },
    {
      "type": "Feature",
      "properties": {
        "id": "gg10362",
        "mag": 4.5,
        "depth": 155.7,
        "place": "synthetic event 362",
        "time": "2026-04-20T08:58:29.645Z"
      },
      "geometry": { "type": "Point", "coordinates": [103.9326, 2.2383, 155.7] }
    },
    {
      "type": "Feature",
      "properties": {
        "id": "gg10363",
        "mag": 4.6,
        "depth": 512.7,
        "place": "synthetic event 363",
        "time": "2026-03-03T04:26:52.856Z"
      },
      "geometry": { "type": "Point", "coordinates": [-104.834, 41.4616, 512.7] }
    },
    {
      "type": "Feature",
      "properties": {
        "id": "gg10364",
        "mag": 4.9,
        "depth": 92.1,
        "place": "synthetic event 364",
        "time": "2026-06-24T07:54:13.861Z"
      },
      "geometry": { "type": "Point", "coordinates": [99.0118, 26.3861, 92.1] }
    },
    {
      "type": "Feature",
      "properties": {
        "id": "gg10365",
        "mag": 5,
        "depth": 552.3,
        "place": "synthetic event 365",
        "time": "2026-04-13T10:54:25.700Z"
      },
      "geometry": { "type": "Point", "coordinates": [27.0581, 41.0586, 552.3] }
    },
    {
      "type": "Feature",
      "properties": {
        "id": "gg10366",
        "mag": 8,
        "depth": 572,
        "place": "synthetic event 366",
        "time": "2026-01-19T16:38:09.153Z"
      },
      "geometry": { "type": "Point", "coordinates": [-70.9236, -36.7772, 572] }
    },
    {
      "type": "Feature",
      "properties": {
        "id": "gg10367",
        "mag": 7.6,
        "depth": 566.4,
        "place": "synthetic event 367",
        "time": "2026-06-12T20:41:08.132Z"
      },
      "geometry": { "type": "Point", "coordinates": [84.5898, 35.4661, 566.4] }
    },
    {
      "type": "Feature",
      "properties": {
        "id": "gg10368",
        "mag": 4.6,
        "depth": 219.3,
        "place": "synthetic event 368",
        "time": "2026-06-28T15:20:32.116Z"
      },
      "geometry": { "type": "Point", "coordinates": [97.1515, 29.2031, 219.3] }
    },
    {
      "type": "Feature",
      "properties": {
        "id": "gg10369",
        "mag": 7.6,
        "depth": 557.8,
        "place": "synthetic event 369",
        "time": "2026-03-06T22:20:36.043Z"
      },
      "geometry": { "type": "Point", "coordinates": [-120.889, 37.0196, 557.8] }
    },
    {
      "type": "Feature",
      "properties": {
        "id": "gg10370",
        "mag": 7.1,
        "depth": 499.8,
        "place": "synthetic event 370",
        "time": "2026-03-18T09:22:07.807Z"
      },
      "geometry": { "type": "Point", "coordinates": [-145.9244, 57.7503, 499.8] }
    },
    {
      "type": "Feature",
      "properties": {
        "id": "gg10371",
        "mag": 4.9,
        "depth": 505.1,
        "place": "synthetic event 371",
        "time": "2026-04-03T16:25:29.214Z"
      },
      "geometry": { "type": "Point", "coordinates": [-80.4114, 11.1408, 505.1] }
    },
    {
      "type": "Feature",
      "properties": {
        "id": "gg10372",
        "mag": 7.4,
        "depth": 104.1,
        "place": "synthetic event 372",
        "time": "2026-04-15T22:28:24.394Z"
      },
      "geometry": { "type": "Point", "coordinates": [101.0159, 24.1542, 104.1] }
    },
    {
      "type": "Feature",
      "properties": {
        "id": "gg10373",
        "mag": 4.5,
        "depth": 54.3,
        "place": "synthetic event 373",
        "time": "2026-01-24T06:55:49.514Z"
      },
      "geometry": { "type": "Point", "coordinates": [-76.3628, 14.9897, 54.3] }
    },
    {
      "type": "Feature",
      "properties": {
        "id": "gg10374",
        "mag": 4.6,
        "depth": 175.7,
        "place": "synthetic event 374",
        "time": "2026-07-01T04:14:12.127Z"
      },
      "geometry": { "type": "Point", "coordinates": [-134.3103, 43.6573, 175.7] }
    },
    {
      "type": "Feature",
      "properties": {
        "id": "gg10375",
        "mag": 5.4,
        "depth": 555,
        "place": "synthetic event 375",
        "time": "2026-04-09T03:52:30.408Z"
      },
      "geometry": { "type": "Point", "coordinates": [36.2836, 40.3294, 555] }
    },
    {
      "type": "Feature",
      "properties": {
        "id": "gg10376",
        "mag": 4.5,
        "depth": 164.5,
        "place": "synthetic event 376",
        "time": "2026-05-15T23:04:04.049Z"
      },
      "geometry": { "type": "Point", "coordinates": [-75.1276, -28.958, 164.5] }
    },
    {
      "type": "Feature",
      "properties": {
        "id": "gg10377",
        "mag": 5.5,
        "depth": 138.2,
        "place": "synthetic event 377",
        "time": "2026-04-16T07:36:09.126Z"
      },
      "geometry": { "type": "Point", "coordinates": [-153.2525, 58.6446, 138.2] }
    },
    {
      "type": "Feature",
      "properties": {
        "id": "gg10378",
        "mag": 4.7,
        "depth": 407.7,
        "place": "synthetic event 378",
        "time": "2026-03-20T02:45:23.664Z"
      },
      "geometry": { "type": "Point", "coordinates": [-82.665, 19.8006, 407.7] }
    },
    {
      "type": "Feature",
      "properties": {
        "id": "gg10379",
        "mag": 7,
        "depth": 137.7,
        "place": "synthetic event 379",
        "time": "2026-03-27T10:39:03.942Z"
      },
      "geometry": { "type": "Point", "coordinates": [115.2202, 28.8717, 137.7] }
    },
    {
      "type": "Feature",
      "properties": {
        "id": "gg10380",
        "mag": 5.1,
        "depth": 561.5,
        "place": "synthetic event 380",
        "time": "2026-05-07T03:37:46.357Z"
      },
      "geometry": { "type": "Point", "coordinates": [32.1568, 37.6393, 561.5] }
    },
    {
      "type": "Feature",
      "properties": {
        "id": "gg10381",
        "mag": 5,
        "depth": 95.8,
        "place": "synthetic event 381",
        "time": "2026-05-02T07:08:34.781Z"
      },
      "geometry": { "type": "Point", "coordinates": [-109.47, 38.7402, 95.8] }
    },
    {
      "type": "Feature",
      "properties": {
        "id": "gg10382",
        "mag": 4.5,
        "depth": 574.5,
        "place": "synthetic event 382",
        "time": "2026-05-08T02:55:05.073Z"
      },
      "geometry": { "type": "Point", "coordinates": [-97.9544, 11.1807, 574.5] }
    },
    {
      "type": "Feature",
      "properties": {
        "id": "gg10383",
        "mag": 5.1,
        "depth": 441.9,
        "place": "synthetic event 383",
        "time": "2026-02-17T22:51:40.861Z"
      },
      "geometry": { "type": "Point", "coordinates": [-92.8521, 15.5537, 441.9] }
    },
    {
      "type": "Feature",
      "properties": {
        "id": "gg10384",
        "mag": 4.9,
        "depth": 227.5,
        "place": "synthetic event 384",
        "time": "2026-05-03T16:37:43.696Z"
      },
      "geometry": { "type": "Point", "coordinates": [102.6986, 33.3127, 227.5] }
    },
    {
      "type": "Feature",
      "properties": {
        "id": "gg10385",
        "mag": 4.7,
        "depth": 200.3,
        "place": "synthetic event 385",
        "time": "2026-01-11T04:00:43.028Z"
      },
      "geometry": { "type": "Point", "coordinates": [-79.5868, 9.8062, 200.3] }
    },
    {
      "type": "Feature",
      "properties": {
        "id": "gg10386",
        "mag": 4.9,
        "depth": 355.6,
        "place": "synthetic event 386",
        "time": "2026-02-28T02:51:45.854Z"
      },
      "geometry": { "type": "Point", "coordinates": [-151.0884, 63.6299, 355.6] }
    },
    {
      "type": "Feature",
      "properties": {
        "id": "gg10387",
        "mag": 6.5,
        "depth": 601.3,
        "place": "synthetic event 387",
        "time": "2026-06-06T03:33:58.890Z"
      },
      "geometry": { "type": "Point", "coordinates": [-76.4331, 19.9128, 601.3] }
    },
    {
      "type": "Feature",
      "properties": {
        "id": "gg10388",
        "mag": 4.7,
        "depth": 131.9,
        "place": "synthetic event 388",
        "time": "2026-01-22T13:34:17.587Z"
      },
      "geometry": { "type": "Point", "coordinates": [-71.2055, -22.6773, 131.9] }
    },
    {
      "type": "Feature",
      "properties": {
        "id": "gg10389",
        "mag": 4.5,
        "depth": 311.9,
        "place": "synthetic event 389",
        "time": "2026-02-09T04:15:28.328Z"
      },
      "geometry": { "type": "Point", "coordinates": [-82.6685, 12.5195, 311.9] }
    },
    {
      "type": "Feature",
      "properties": {
        "id": "gg10390",
        "mag": 6,
        "depth": 321.1,
        "place": "synthetic event 390",
        "time": "2026-06-22T06:37:35.801Z"
      },
      "geometry": { "type": "Point", "coordinates": [-59.1874, -30.5293, 321.1] }
    },
    {
      "type": "Feature",
      "properties": {
        "id": "gg10391",
        "mag": 4.5,
        "depth": 170.3,
        "place": "synthetic event 391",
        "time": "2026-03-09T04:37:26.879Z"
      },
      "geometry": { "type": "Point", "coordinates": [-157.6342, 54.2441, 170.3] }
    },
    {
      "type": "Feature",
      "properties": {
        "id": "gg10392",
        "mag": 4.6,
        "depth": 212.9,
        "place": "synthetic event 392",
        "time": "2026-07-05T02:34:08.143Z"
      },
      "geometry": { "type": "Point", "coordinates": [17.9708, 38.3878, 212.9] }
    },
    {
      "type": "Feature",
      "properties": {
        "id": "gg10393",
        "mag": 4.7,
        "depth": 158.7,
        "place": "synthetic event 393",
        "time": "2026-05-18T17:30:22.640Z"
      },
      "geometry": { "type": "Point", "coordinates": [-107.0177, 45.5767, 158.7] }
    },
    {
      "type": "Feature",
      "properties": {
        "id": "gg10394",
        "mag": 4.5,
        "depth": 551,
        "place": "synthetic event 394",
        "time": "2026-01-19T02:00:39.214Z"
      },
      "geometry": { "type": "Point", "coordinates": [-160.9478, 56.8052, 551] }
    },
    {
      "type": "Feature",
      "properties": {
        "id": "gg10395",
        "mag": 5.7,
        "depth": 601,
        "place": "synthetic event 395",
        "time": "2026-04-27T08:48:47.435Z"
      },
      "geometry": { "type": "Point", "coordinates": [-95.9048, 9.0153, 601] }
    },
    {
      "type": "Feature",
      "properties": {
        "id": "gg10396",
        "mag": 6,
        "depth": 427.1,
        "place": "synthetic event 396",
        "time": "2026-05-29T15:29:17.862Z"
      },
      "geometry": { "type": "Point", "coordinates": [147.4306, 44.8242, 427.1] }
    },
    {
      "type": "Feature",
      "properties": {
        "id": "gg10397",
        "mag": 5,
        "depth": 480.7,
        "place": "synthetic event 397",
        "time": "2026-02-05T01:07:56.883Z"
      },
      "geometry": { "type": "Point", "coordinates": [-102.5468, 7.932, 480.7] }
    },
    {
      "type": "Feature",
      "properties": {
        "id": "gg10398",
        "mag": 5.2,
        "depth": 463.1,
        "place": "synthetic event 398",
        "time": "2026-04-13T21:55:27.460Z"
      },
      "geometry": { "type": "Point", "coordinates": [-101.5015, 13.9579, 463.1] }
    },
    {
      "type": "Feature",
      "properties": {
        "id": "gg10399",
        "mag": 4.8,
        "depth": 580.3,
        "place": "synthetic event 399",
        "time": "2026-03-29T23:38:45.149Z"
      },
      "geometry": { "type": "Point", "coordinates": [160.0676, 43.1234, 580.3] }
    },
    {
      "type": "Feature",
      "properties": {
        "id": "gg10400",
        "mag": 4.8,
        "depth": 176.6,
        "place": "synthetic event 400",
        "time": "2026-03-30T06:33:51.430Z"
      },
      "geometry": { "type": "Point", "coordinates": [130.41, 23.1149, 176.6] }
    },
    {
      "type": "Feature",
      "properties": {
        "id": "gg10401",
        "mag": 5.2,
        "depth": 278.3,
        "place": "synthetic event 401",
        "time": "2026-06-10T11:09:55.526Z"
      },
      "geometry": { "type": "Point", "coordinates": [-137.5135, 30.1133, 278.3] }
    },
    {
      "type": "Feature",
      "properties": {
        "id": "gg10402",
        "mag": 6.9,
        "depth": 364.9,
        "place": "synthetic event 402",
        "time": "2026-03-02T15:42:45.539Z"
      },
      "geometry": { "type": "Point", "coordinates": [27.2613, 33.4051, 364.9] }
    },
    {
      "type": "Feature",
      "properties": {
        "id": "gg10403",
        "mag": 4.5,
        "depth": 399,
        "place": "synthetic event 403",
        "time": "2026-05-02T16:29:01.523Z"
      },
      "geometry": { "type": "Point", "coordinates": [-80.7849, -39.4133, 399] }
    },
    {
      "type": "Feature",
      "properties": {
        "id": "gg10404",
        "mag": 7,
        "depth": 193.2,
        "place": "synthetic event 404",
        "time": "2026-06-19T23:01:00.386Z"
      },
      "geometry": { "type": "Point", "coordinates": [16.0838, 37.8045, 193.2] }
    },
    {
      "type": "Feature",
      "properties": {
        "id": "gg10405",
        "mag": 4.5,
        "depth": 581.4,
        "place": "synthetic event 405",
        "time": "2026-02-12T05:19:25.496Z"
      },
      "geometry": { "type": "Point", "coordinates": [101.0735, 30.6399, 581.4] }
    },
    {
      "type": "Feature",
      "properties": {
        "id": "gg10406",
        "mag": 6.1,
        "depth": 476.9,
        "place": "synthetic event 406",
        "time": "2026-06-19T02:23:12.691Z"
      },
      "geometry": { "type": "Point", "coordinates": [-96.4044, 8.2766, 476.9] }
    },
    {
      "type": "Feature",
      "properties": {
        "id": "gg10407",
        "mag": 7.4,
        "depth": 53.6,
        "place": "synthetic event 407",
        "time": "2026-06-27T05:30:09.924Z"
      },
      "geometry": { "type": "Point", "coordinates": [-168.7727, 64.5285, 53.6] }
    },
    {
      "type": "Feature",
      "properties": {
        "id": "gg10408",
        "mag": 7.6,
        "depth": 482.7,
        "place": "synthetic event 408",
        "time": "2026-07-02T03:13:18.397Z"
      },
      "geometry": { "type": "Point", "coordinates": [123.9498, 37.9552, 482.7] }
    },
    {
      "type": "Feature",
      "properties": {
        "id": "gg10409",
        "mag": 4.5,
        "depth": 65.3,
        "place": "synthetic event 409",
        "time": "2026-01-18T11:15:14.826Z"
      },
      "geometry": { "type": "Point", "coordinates": [104.9597, -15.7589, 65.3] }
    },
    {
      "type": "Feature",
      "properties": {
        "id": "gg10410",
        "mag": 7.5,
        "depth": 435.6,
        "place": "synthetic event 410",
        "time": "2026-01-30T08:54:06.866Z"
      },
      "geometry": { "type": "Point", "coordinates": [-133.5212, 32.552, 435.6] }
    },
    {
      "type": "Feature",
      "properties": {
        "id": "gg10411",
        "mag": 4.5,
        "depth": 71,
        "place": "synthetic event 411",
        "time": "2026-02-16T04:45:59.381Z"
      },
      "geometry": { "type": "Point", "coordinates": [35.4409, 34.958, 71] }
    },
    {
      "type": "Feature",
      "properties": {
        "id": "gg10412",
        "mag": 5,
        "depth": 527.3,
        "place": "synthetic event 412",
        "time": "2026-02-22T02:34:20.765Z"
      },
      "geometry": { "type": "Point", "coordinates": [-142.4228, 53.894, 527.3] }
    },
    {
      "type": "Feature",
      "properties": {
        "id": "gg10413",
        "mag": 4.8,
        "depth": 431.3,
        "place": "synthetic event 413",
        "time": "2026-03-01T03:35:45.807Z"
      },
      "geometry": { "type": "Point", "coordinates": [130.0893, 26.4979, 431.3] }
    },
    {
      "type": "Feature",
      "properties": {
        "id": "gg10414",
        "mag": 4.5,
        "depth": 526.6,
        "place": "synthetic event 414",
        "time": "2026-04-05T03:42:36.837Z"
      },
      "geometry": { "type": "Point", "coordinates": [-108.083, 45.0959, 526.6] }
    },
    {
      "type": "Feature",
      "properties": {
        "id": "gg10415",
        "mag": 7,
        "depth": 384.3,
        "place": "synthetic event 415",
        "time": "2026-02-20T11:45:41.379Z"
      },
      "geometry": { "type": "Point", "coordinates": [125.4319, 29.5825, 384.3] }
    },
    {
      "type": "Feature",
      "properties": {
        "id": "gg10416",
        "mag": 7.6,
        "depth": 122.9,
        "place": "synthetic event 416",
        "time": "2026-05-18T09:26:05.157Z"
      },
      "geometry": { "type": "Point", "coordinates": [131.8929, 22.7104, 122.9] }
    },
    {
      "type": "Feature",
      "properties": {
        "id": "gg10417",
        "mag": 4.6,
        "depth": 454.8,
        "place": "synthetic event 417",
        "time": "2026-06-27T06:59:34.748Z"
      },
      "geometry": { "type": "Point", "coordinates": [-103.0248, 40.5872, 454.8] }
    },
    {
      "type": "Feature",
      "properties": {
        "id": "gg10418",
        "mag": 4.5,
        "depth": 599.8,
        "place": "synthetic event 418",
        "time": "2026-02-01T11:23:49.157Z"
      },
      "geometry": { "type": "Point", "coordinates": [-82.1807, 19.9336, 599.8] }
    },
    {
      "type": "Feature",
      "properties": {
        "id": "gg10419",
        "mag": 4.6,
        "depth": 222.1,
        "place": "synthetic event 419",
        "time": "2026-03-15T06:27:15.293Z"
      },
      "geometry": { "type": "Point", "coordinates": [-89.503, 20.3516, 222.1] }
    },
    {
      "type": "Feature",
      "properties": {
        "id": "gg10420",
        "mag": 4.5,
        "depth": 384.5,
        "place": "synthetic event 420",
        "time": "2026-02-15T20:13:50.138Z"
      },
      "geometry": { "type": "Point", "coordinates": [87.1281, 34.3618, 384.5] }
    },
    {
      "type": "Feature",
      "properties": {
        "id": "gg10421",
        "mag": 4.6,
        "depth": 538.4,
        "place": "synthetic event 421",
        "time": "2026-06-29T19:26:42.695Z"
      },
      "geometry": { "type": "Point", "coordinates": [-76.1778, -36.1055, 538.4] }
    },
    {
      "type": "Feature",
      "properties": {
        "id": "gg10422",
        "mag": 6.5,
        "depth": 448.7,
        "place": "synthetic event 422",
        "time": "2026-04-12T18:38:20.520Z"
      },
      "geometry": { "type": "Point", "coordinates": [92.1835, 24.8591, 448.7] }
    },
    {
      "type": "Feature",
      "properties": {
        "id": "gg10423",
        "mag": 4.5,
        "depth": 327.3,
        "place": "synthetic event 423",
        "time": "2026-03-04T10:48:35.262Z"
      },
      "geometry": { "type": "Point", "coordinates": [156.6509, 33.0563, 327.3] }
    },
    {
      "type": "Feature",
      "properties": {
        "id": "gg10424",
        "mag": 4.5,
        "depth": 128.6,
        "place": "synthetic event 424",
        "time": "2026-02-22T07:47:20.213Z"
      },
      "geometry": { "type": "Point", "coordinates": [132.1224, 0.3679, 128.6] }
    },
    {
      "type": "Feature",
      "properties": {
        "id": "gg10425",
        "mag": 5,
        "depth": 372.7,
        "place": "synthetic event 425",
        "time": "2026-06-13T17:38:47.078Z"
      },
      "geometry": { "type": "Point", "coordinates": [99.9277, 4.0729, 372.7] }
    },
    {
      "type": "Feature",
      "properties": {
        "id": "gg10426",
        "mag": 5.7,
        "depth": 80,
        "place": "synthetic event 426",
        "time": "2026-02-12T05:24:16.784Z"
      },
      "geometry": { "type": "Point", "coordinates": [115.5766, 41.4187, 80] }
    },
    {
      "type": "Feature",
      "properties": {
        "id": "gg10427",
        "mag": 4.7,
        "depth": 8.6,
        "place": "synthetic event 427",
        "time": "2026-06-24T17:59:59.075Z"
      },
      "geometry": { "type": "Point", "coordinates": [131.5044, -0.7851, 8.6] }
    },
    {
      "type": "Feature",
      "properties": {
        "id": "gg10428",
        "mag": 5,
        "depth": 458.2,
        "place": "synthetic event 428",
        "time": "2026-02-23T11:53:14.946Z"
      },
      "geometry": { "type": "Point", "coordinates": [-75.7015, -35.9416, 458.2] }
    },
    {
      "type": "Feature",
      "properties": {
        "id": "gg10429",
        "mag": 4.5,
        "depth": 152.9,
        "place": "synthetic event 429",
        "time": "2026-04-22T05:50:59.312Z"
      },
      "geometry": { "type": "Point", "coordinates": [-164.0509, 66.1091, 152.9] }
    },
    {
      "type": "Feature",
      "properties": {
        "id": "gg10430",
        "mag": 4.7,
        "depth": 76.5,
        "place": "synthetic event 430",
        "time": "2026-05-08T18:29:23.313Z"
      },
      "geometry": { "type": "Point", "coordinates": [-118.7725, 41.8929, 76.5] }
    },
    {
      "type": "Feature",
      "properties": {
        "id": "gg10431",
        "mag": 4.8,
        "depth": 140.9,
        "place": "synthetic event 431",
        "time": "2026-06-16T21:32:58.897Z"
      },
      "geometry": { "type": "Point", "coordinates": [-55.2507, -21.1417, 140.9] }
    },
    {
      "type": "Feature",
      "properties": {
        "id": "gg10432",
        "mag": 5.3,
        "depth": 72.2,
        "place": "synthetic event 432",
        "time": "2026-06-10T13:31:25.753Z"
      },
      "geometry": { "type": "Point", "coordinates": [121.0204, 30.7583, 72.2] }
    },
    {
      "type": "Feature",
      "properties": {
        "id": "gg10433",
        "mag": 7.8,
        "depth": 114.3,
        "place": "synthetic event 433",
        "time": "2026-06-16T01:39:59.440Z"
      },
      "geometry": { "type": "Point", "coordinates": [122.0104, 33.0994, 114.3] }
    },
    {
      "type": "Feature",
      "properties": {
        "id": "gg10434",
        "mag": 6.1,
        "depth": 154.2,
        "place": "synthetic event 434",
        "time": "2026-05-07T20:47:42.269Z"
      },
      "geometry": { "type": "Point", "coordinates": [-79.9058, -33.1567, 154.2] }
    },
    {
      "type": "Feature",
      "properties": {
        "id": "gg10435",
        "mag": 4.8,
        "depth": 168.2,
        "place": "synthetic event 435",
        "time": "2026-07-04T18:45:12.995Z"
      },
      "geometry": { "type": "Point", "coordinates": [107.9241, 32.1444, 168.2] }
    },
    {
      "type": "Feature",
      "properties": {
        "id": "gg10436",
        "mag": 7.8,
        "depth": 93.5,
        "place": "synthetic event 436",
        "time": "2026-01-19T07:23:21.704Z"
      },
      "geometry": { "type": "Point", "coordinates": [138.9743, 2.465, 93.5] }
    },
    {
      "type": "Feature",
      "properties": {
        "id": "gg10437",
        "mag": 6.2,
        "depth": 105.9,
        "place": "synthetic event 437",
        "time": "2026-07-01T08:39:10.853Z"
      },
      "geometry": { "type": "Point", "coordinates": [112.4807, -6.2904, 105.9] }
    },
    {
      "type": "Feature",
      "properties": {
        "id": "gg10438",
        "mag": 4.5,
        "depth": 76.1,
        "place": "synthetic event 438",
        "time": "2026-06-20T04:20:53.695Z"
      },
      "geometry": { "type": "Point", "coordinates": [33.0704, 42.3063, 76.1] }
    },
    {
      "type": "Feature",
      "properties": {
        "id": "gg10439",
        "mag": 4.5,
        "depth": 259,
        "place": "synthetic event 439",
        "time": "2026-05-15T21:23:53.731Z"
      },
      "geometry": { "type": "Point", "coordinates": [29.4329, 36.7673, 259] }
    },
    {
      "type": "Feature",
      "properties": {
        "id": "gg10440",
        "mag": 4.9,
        "depth": 407.7,
        "place": "synthetic event 440",
        "time": "2026-05-06T14:51:02.443Z"
      },
      "geometry": { "type": "Point", "coordinates": [36.8848, 36.7886, 407.7] }
    },
    {
      "type": "Feature",
      "properties": {
        "id": "gg10441",
        "mag": 5.6,
        "depth": 487.3,
        "place": "synthetic event 441",
        "time": "2026-01-11T14:45:39.111Z"
      },
      "geometry": { "type": "Point", "coordinates": [-84.9369, 19.727, 487.3] }
    },
    {
      "type": "Feature",
      "properties": {
        "id": "gg10442",
        "mag": 5.8,
        "depth": 281.9,
        "place": "synthetic event 442",
        "time": "2026-02-02T13:02:56.276Z"
      },
      "geometry": { "type": "Point", "coordinates": [-103.1752, 18.2587, 281.9] }
    },
    {
      "type": "Feature",
      "properties": {
        "id": "gg10443",
        "mag": 4.5,
        "depth": 359.5,
        "place": "synthetic event 443",
        "time": "2026-03-04T06:10:13.513Z"
      },
      "geometry": { "type": "Point", "coordinates": [139.4691, -1.1197, 359.5] }
    },
    {
      "type": "Feature",
      "properties": {
        "id": "gg10444",
        "mag": 4.8,
        "depth": 373.3,
        "place": "synthetic event 444",
        "time": "2026-04-01T05:15:20.860Z"
      },
      "geometry": { "type": "Point", "coordinates": [-145.9191, 54.7743, 373.3] }
    },
    {
      "type": "Feature",
      "properties": {
        "id": "gg10445",
        "mag": 5.4,
        "depth": 478.8,
        "place": "synthetic event 445",
        "time": "2026-02-25T21:36:30.878Z"
      },
      "geometry": { "type": "Point", "coordinates": [163.4658, 43.6406, 478.8] }
    },
    {
      "type": "Feature",
      "properties": {
        "id": "gg10446",
        "mag": 4.5,
        "depth": 487.1,
        "place": "synthetic event 446",
        "time": "2026-05-12T02:22:50.731Z"
      },
      "geometry": { "type": "Point", "coordinates": [-88.1963, -31.8633, 487.1] }
    },
    {
      "type": "Feature",
      "properties": {
        "id": "gg10447",
        "mag": 4.5,
        "depth": 52,
        "place": "synthetic event 447",
        "time": "2026-05-14T14:08:55.082Z"
      },
      "geometry": { "type": "Point", "coordinates": [-50.6386, -27.4323, 52] }
    },
    {
      "type": "Feature",
      "properties": {
        "id": "gg10448",
        "mag": 6.5,
        "depth": 369,
        "place": "synthetic event 448",
        "time": "2026-03-26T16:38:17.663Z"
      },
      "geometry": { "type": "Point", "coordinates": [99.0465, 27.8893, 369] }
    },
    {
      "type": "Feature",
      "properties": {
        "id": "gg10449",
        "mag": 6.5,
        "depth": 371.2,
        "place": "synthetic event 449",
        "time": "2026-06-24T10:14:52.821Z"
      },
      "geometry": { "type": "Point", "coordinates": [-103.5144, 35.5218, 371.2] }
    },
    {
      "type": "Feature",
      "properties": {
        "id": "gg10450",
        "mag": 5,
        "depth": 115.1,
        "place": "synthetic event 450",
        "time": "2026-03-11T19:12:01.484Z"
      },
      "geometry": { "type": "Point", "coordinates": [109.1629, 34.4368, 115.1] }
    },
    {
      "type": "Feature",
      "properties": {
        "id": "gg10451",
        "mag": 5,
        "depth": 32.9,
        "place": "synthetic event 451",
        "time": "2026-03-31T12:33:21.368Z"
      },
      "geometry": { "type": "Point", "coordinates": [96.571, 36.154, 32.9] }
    },
    {
      "type": "Feature",
      "properties": {
        "id": "gg10452",
        "mag": 7.7,
        "depth": 83.1,
        "place": "synthetic event 452",
        "time": "2026-07-04T01:07:21.594Z"
      },
      "geometry": { "type": "Point", "coordinates": [110.9556, -13.4704, 83.1] }
    },
    {
      "type": "Feature",
      "properties": {
        "id": "gg10453",
        "mag": 5.8,
        "depth": 88,
        "place": "synthetic event 453",
        "time": "2026-03-28T17:25:52.655Z"
      },
      "geometry": { "type": "Point", "coordinates": [110.6972, -11.3379, 88] }
    },
    {
      "type": "Feature",
      "properties": {
        "id": "gg10454",
        "mag": 4.5,
        "depth": 36.2,
        "place": "synthetic event 454",
        "time": "2026-06-20T12:43:35.276Z"
      },
      "geometry": { "type": "Point", "coordinates": [-158.5711, 62.3876, 36.2] }
    },
    {
      "type": "Feature",
      "properties": {
        "id": "gg10455",
        "mag": 7.7,
        "depth": 614.8,
        "place": "synthetic event 455",
        "time": "2026-02-14T23:40:06.659Z"
      },
      "geometry": { "type": "Point", "coordinates": [80.5976, 32.1787, 614.8] }
    },
    {
      "type": "Feature",
      "properties": {
        "id": "gg10456",
        "mag": 7.5,
        "depth": 427.5,
        "place": "synthetic event 456",
        "time": "2026-03-04T04:26:34.399Z"
      },
      "geometry": { "type": "Point", "coordinates": [100.8776, -12.4882, 427.5] }
    },
    {
      "type": "Feature",
      "properties": {
        "id": "gg10457",
        "mag": 4.5,
        "depth": 114.9,
        "place": "synthetic event 457",
        "time": "2026-04-13T14:31:53.067Z"
      },
      "geometry": { "type": "Point", "coordinates": [-50.8264, -37.9478, 114.9] }
    },
    {
      "type": "Feature",
      "properties": {
        "id": "gg10458",
        "mag": 4.6,
        "depth": 323.9,
        "place": "synthetic event 458",
        "time": "2026-05-27T02:29:34.325Z"
      },
      "geometry": { "type": "Point", "coordinates": [16.285, 38.0059, 323.9] }
    },
    {
      "type": "Feature",
      "properties": {
        "id": "gg10459",
        "mag": 4.6,
        "depth": 596,
        "place": "synthetic event 459",
        "time": "2026-02-01T14:29:59.698Z"
      },
      "geometry": { "type": "Point", "coordinates": [-56.3482, -23.4254, 596] }
    },
    {
      "type": "Feature",
      "properties": {
        "id": "gg10460",
        "mag": 5.9,
        "depth": 551.3,
        "place": "synthetic event 460",
        "time": "2026-01-19T17:46:11.844Z"
      },
      "geometry": { "type": "Point", "coordinates": [-124.3777, 33.4779, 551.3] }
    },
    {
      "type": "Feature",
      "properties": {
        "id": "gg10461",
        "mag": 4.5,
        "depth": 77.8,
        "place": "synthetic event 461",
        "time": "2026-03-07T22:29:57.365Z"
      },
      "geometry": { "type": "Point", "coordinates": [-82.3394, -37.0354, 77.8] }
    },
    {
      "type": "Feature",
      "properties": {
        "id": "gg10462",
        "mag": 4.7,
        "depth": 509,
        "place": "synthetic event 462",
        "time": "2026-02-03T20:39:29.642Z"
      },
      "geometry": { "type": "Point", "coordinates": [87.3385, 32.7719, 509] }
    },
    {
      "type": "Feature",
      "properties": {
        "id": "gg10463",
        "mag": 4.5,
        "depth": 12.3,
        "place": "synthetic event 463",
        "time": "2026-04-21T00:41:10.880Z"
      },
      "geometry": { "type": "Point", "coordinates": [-94.8543, 15.0291, 12.3] }
    },
    {
      "type": "Feature",
      "properties": {
        "id": "gg10464",
        "mag": 4.5,
        "depth": 283.4,
        "place": "synthetic event 464",
        "time": "2026-03-14T02:32:27.027Z"
      },
      "geometry": { "type": "Point", "coordinates": [-103.8887, 35.707, 283.4] }
    },
    {
      "type": "Feature",
      "properties": {
        "id": "gg10465",
        "mag": 5.1,
        "depth": 304.8,
        "place": "synthetic event 465",
        "time": "2026-06-20T14:54:50.768Z"
      },
      "geometry": { "type": "Point", "coordinates": [-79.9913, -25.5729, 304.8] }
    },
    {
      "type": "Feature",
      "properties": {
        "id": "gg10466",
        "mag": 4.5,
        "depth": 124.5,
        "place": "synthetic event 466",
        "time": "2026-05-01T23:37:09.667Z"
      },
      "geometry": { "type": "Point", "coordinates": [-58.6045, -23.4649, 124.5] }
    },
    {
      "type": "Feature",
      "properties": {
        "id": "gg10467",
        "mag": 5.5,
        "depth": 348.3,
        "place": "synthetic event 467",
        "time": "2026-04-08T06:41:13.060Z"
      },
      "geometry": { "type": "Point", "coordinates": [118.5006, -8.3087, 348.3] }
    },
    {
      "type": "Feature",
      "properties": {
        "id": "gg10468",
        "mag": 4.9,
        "depth": 253.1,
        "place": "synthetic event 468",
        "time": "2026-04-26T01:11:03.228Z"
      },
      "geometry": { "type": "Point", "coordinates": [87.6186, 35.8567, 253.1] }
    },
    {
      "type": "Feature",
      "properties": {
        "id": "gg10469",
        "mag": 4.8,
        "depth": 273,
        "place": "synthetic event 469",
        "time": "2026-02-17T22:10:19.555Z"
      },
      "geometry": { "type": "Point", "coordinates": [36.7995, 41.3637, 273] }
    },
    {
      "type": "Feature",
      "properties": {
        "id": "gg10470",
        "mag": 7.5,
        "depth": 176.2,
        "place": "synthetic event 470",
        "time": "2026-03-23T03:14:12.373Z"
      },
      "geometry": { "type": "Point", "coordinates": [-52.489, -34.9783, 176.2] }
    },
    {
      "type": "Feature",
      "properties": {
        "id": "gg10471",
        "mag": 4.7,
        "depth": 552.8,
        "place": "synthetic event 471",
        "time": "2026-01-15T01:50:53.100Z"
      },
      "geometry": { "type": "Point", "coordinates": [102.6189, 37.1959, 552.8] }
    },
    {
      "type": "Feature",
      "properties": {
        "id": "gg10472",
        "mag": 7.1,
        "depth": 330,
        "place": "synthetic event 472",
        "time": "2026-02-23T10:06:07.037Z"
      },
      "geometry": { "type": "Point", "coordinates": [-98.1959, 7.3925, 330] }
    },
    {
      "type": "Feature",
      "properties": {
        "id": "gg10473",
        "mag": 4.5,
        "depth": 438.9,
        "place": "synthetic event 473",
        "time": "2026-01-20T11:55:35.916Z"
      },
      "geometry": { "type": "Point", "coordinates": [14.2961, 42.7069, 438.9] }
    },
    {
      "type": "Feature",
      "properties": {
        "id": "gg10474",
        "mag": 5.7,
        "depth": 395.5,
        "place": "synthetic event 474",
        "time": "2026-06-05T05:50:58.150Z"
      },
      "geometry": { "type": "Point", "coordinates": [-147.8526, 57.2072, 395.5] }
    },
    {
      "type": "Feature",
      "properties": {
        "id": "gg10475",
        "mag": 7.7,
        "depth": 544.5,
        "place": "synthetic event 475",
        "time": "2026-02-26T09:38:32.146Z"
      },
      "geometry": { "type": "Point", "coordinates": [-159.5444, 56.561, 544.5] }
    },
    {
      "type": "Feature",
      "properties": {
        "id": "gg10476",
        "mag": 6.6,
        "depth": 120.6,
        "place": "synthetic event 476",
        "time": "2026-01-17T17:42:13.316Z"
      },
      "geometry": { "type": "Point", "coordinates": [-132.9059, 37.6115, 120.6] }
    },
    {
      "type": "Feature",
      "properties": {
        "id": "gg10477",
        "mag": 6.9,
        "depth": 403.1,
        "place": "synthetic event 477",
        "time": "2026-06-26T13:05:44.661Z"
      },
      "geometry": { "type": "Point", "coordinates": [155.3983, 24.9452, 403.1] }
    },
    {
      "type": "Feature",
      "properties": {
        "id": "gg10478",
        "mag": 7.9,
        "depth": 321.5,
        "place": "synthetic event 478",
        "time": "2026-05-22T10:45:22.980Z"
      },
      "geometry": { "type": "Point", "coordinates": [-150.6751, 65.8039, 321.5] }
    },
    {
      "type": "Feature",
      "properties": {
        "id": "gg10479",
        "mag": 4.6,
        "depth": 350.4,
        "place": "synthetic event 479",
        "time": "2026-05-19T06:07:54.738Z"
      },
      "geometry": { "type": "Point", "coordinates": [126.0631, -7.6491, 350.4] }
    },
    {
      "type": "Feature",
      "properties": {
        "id": "gg10480",
        "mag": 5,
        "depth": 225.8,
        "place": "synthetic event 480",
        "time": "2026-04-03T17:30:12.431Z"
      },
      "geometry": { "type": "Point", "coordinates": [91.3831, 26.241, 225.8] }
    },
    {
      "type": "Feature",
      "properties": {
        "id": "gg10481",
        "mag": 5.5,
        "depth": 555.6,
        "place": "synthetic event 481",
        "time": "2026-06-12T12:54:08.567Z"
      },
      "geometry": { "type": "Point", "coordinates": [133.7706, -9.7142, 555.6] }
    },
    {
      "type": "Feature",
      "properties": {
        "id": "gg10482",
        "mag": 4.9,
        "depth": 114.7,
        "place": "synthetic event 482",
        "time": "2026-02-15T21:11:26.910Z"
      },
      "geometry": { "type": "Point", "coordinates": [-92.7093, 9.1911, 114.7] }
    },
    {
      "type": "Feature",
      "properties": {
        "id": "gg10483",
        "mag": 4.5,
        "depth": 385.7,
        "place": "synthetic event 483",
        "time": "2026-06-14T08:48:09.729Z"
      },
      "geometry": { "type": "Point", "coordinates": [136.2075, 1.0903, 385.7] }
    },
    {
      "type": "Feature",
      "properties": {
        "id": "gg10484",
        "mag": 4.5,
        "depth": 499.2,
        "place": "synthetic event 484",
        "time": "2026-04-18T23:27:22.817Z"
      },
      "geometry": { "type": "Point", "coordinates": [127.0702, 30.9736, 499.2] }
    },
    {
      "type": "Feature",
      "properties": {
        "id": "gg10485",
        "mag": 6.4,
        "depth": 411.3,
        "place": "synthetic event 485",
        "time": "2026-05-07T01:53:56.058Z"
      },
      "geometry": { "type": "Point", "coordinates": [-146.4942, 54.245, 411.3] }
    },
    {
      "type": "Feature",
      "properties": {
        "id": "gg10486",
        "mag": 4.9,
        "depth": 154.7,
        "place": "synthetic event 486",
        "time": "2026-06-07T03:36:59.906Z"
      },
      "geometry": { "type": "Point", "coordinates": [112.3219, 0.1864, 154.7] }
    },
    {
      "type": "Feature",
      "properties": {
        "id": "gg10487",
        "mag": 6.1,
        "depth": 103.2,
        "place": "synthetic event 487",
        "time": "2026-05-18T23:12:11.638Z"
      },
      "geometry": { "type": "Point", "coordinates": [-83.2364, 12.1426, 103.2] }
    },
    {
      "type": "Feature",
      "properties": {
        "id": "gg10488",
        "mag": 5.5,
        "depth": 41.2,
        "place": "synthetic event 488",
        "time": "2026-04-19T07:07:55.086Z"
      },
      "geometry": { "type": "Point", "coordinates": [149.8823, 37.6157, 41.2] }
    },
    {
      "type": "Feature",
      "properties": {
        "id": "gg10489",
        "mag": 5.9,
        "depth": 608.4,
        "place": "synthetic event 489",
        "time": "2026-03-17T02:35:15.365Z"
      },
      "geometry": { "type": "Point", "coordinates": [17.1371, 43.8133, 608.4] }
    },
    {
      "type": "Feature",
      "properties": {
        "id": "gg10490",
        "mag": 5.6,
        "depth": 18.1,
        "place": "synthetic event 490",
        "time": "2026-01-26T15:05:22.366Z"
      },
      "geometry": { "type": "Point", "coordinates": [30.4604, 33.5664, 18.1] }
    },
    {
      "type": "Feature",
      "properties": {
        "id": "gg10491",
        "mag": 5.3,
        "depth": 21.4,
        "place": "synthetic event 491",
        "time": "2026-03-26T07:16:10.194Z"
      },
      "geometry": { "type": "Point", "coordinates": [-128.5538, 31.8967, 21.4] }
    },
    {
      "type": "Feature",
      "properties": {
        "id": "gg10492",
        "mag": 4.9,
        "depth": 566.4,
        "place": "synthetic event 492",
        "time": "2026-02-28T11:59:19.400Z"
      },
      "geometry": { "type": "Point", "coordinates": [129.8708, -8.1912, 566.4] }
    },
    {
      "type": "Feature",
      "properties": {
        "id": "gg10493",
        "mag": 6.7,
        "depth": 432.8,
        "place": "synthetic event 493",
        "time": "2026-04-16T16:22:21.472Z"
      },
      "geometry": { "type": "Point", "coordinates": [-165.1519, 64.5189, 432.8] }
    },
    {
      "type": "Feature",
      "properties": {
        "id": "gg10494",
        "mag": 4.5,
        "depth": 312.4,
        "place": "synthetic event 494",
        "time": "2026-03-18T08:24:40.822Z"
      },
      "geometry": { "type": "Point", "coordinates": [102.8877, 31.2188, 312.4] }
    },
    {
      "type": "Feature",
      "properties": {
        "id": "gg10495",
        "mag": 5.4,
        "depth": 26.7,
        "place": "synthetic event 495",
        "time": "2026-04-15T20:24:52.166Z"
      },
      "geometry": { "type": "Point", "coordinates": [-50.4431, -20.3292, 26.7] }
    },
    {
      "type": "Feature",
      "properties": {
        "id": "gg10496",
        "mag": 4.5,
        "depth": 482.4,
        "place": "synthetic event 496",
        "time": "2026-03-04T10:48:24.076Z"
      },
      "geometry": { "type": "Point", "coordinates": [121.312, 41.2049, 482.4] }
    },
    {
      "type": "Feature",
      "properties": {
        "id": "gg10497",
        "mag": 5.9,
        "depth": 48.1,
        "place": "synthetic event 497",
        "time": "2026-07-01T05:01:26.242Z"
      },
      "geometry": { "type": "Point", "coordinates": [-83.8606, -22.9986, 48.1] }
    },
    {
      "type": "Feature",
      "properties": {
        "id": "gg10498",
        "mag": 5.1,
        "depth": 572.5,
        "place": "synthetic event 498",
        "time": "2026-02-13T03:48:30.908Z"
      },
      "geometry": { "type": "Point", "coordinates": [111.772, 0.5135, 572.5] }
    },
    {
      "type": "Feature",
      "properties": {
        "id": "gg10499",
        "mag": 4.5,
        "depth": 193.9,
        "place": "synthetic event 499",
        "time": "2026-01-21T06:03:04.406Z"
      },
      "geometry": { "type": "Point", "coordinates": [-126.7126, 33.6838, 193.9] }
    },
    {
      "type": "Feature",
      "properties": {
        "id": "gg10500",
        "mag": 4.8,
        "depth": 223.6,
        "place": "synthetic event 500",
        "time": "2026-04-17T15:21:40.792Z"
      },
      "geometry": { "type": "Point", "coordinates": [-117.9083, 34.823, 223.6] }
    },
    {
      "type": "Feature",
      "properties": {
        "id": "gg10501",
        "mag": 5.7,
        "depth": 228.3,
        "place": "synthetic event 501",
        "time": "2026-06-22T10:58:59.674Z"
      },
      "geometry": { "type": "Point", "coordinates": [-107.6409, 40.9099, 228.3] }
    },
    {
      "type": "Feature",
      "properties": {
        "id": "gg10502",
        "mag": 4.5,
        "depth": 564.6,
        "place": "synthetic event 502",
        "time": "2026-03-29T13:58:50.926Z"
      },
      "geometry": { "type": "Point", "coordinates": [-147.9163, 58.021, 564.6] }
    },
    {
      "type": "Feature",
      "properties": {
        "id": "gg10503",
        "mag": 4.9,
        "depth": 247.7,
        "place": "synthetic event 503",
        "time": "2026-01-12T11:36:09.281Z"
      },
      "geometry": { "type": "Point", "coordinates": [102.0276, 25.5289, 247.7] }
    },
    {
      "type": "Feature",
      "properties": {
        "id": "gg10504",
        "mag": 5.2,
        "depth": 404.8,
        "place": "synthetic event 504",
        "time": "2026-05-12T02:20:43.962Z"
      },
      "geometry": { "type": "Point", "coordinates": [-78.3315, -34.1432, 404.8] }
    },
    {
      "type": "Feature",
      "properties": {
        "id": "gg10505",
        "mag": 4.7,
        "depth": 197,
        "place": "synthetic event 505",
        "time": "2026-06-25T22:32:46.902Z"
      },
      "geometry": { "type": "Point", "coordinates": [145.0552, 25.5199, 197] }
    },
    {
      "type": "Feature",
      "properties": {
        "id": "gg10506",
        "mag": 4.5,
        "depth": 49.5,
        "place": "synthetic event 506",
        "time": "2026-01-24T04:55:09.961Z"
      },
      "geometry": { "type": "Point", "coordinates": [87.7944, 31.6954, 49.5] }
    },
    {
      "type": "Feature",
      "properties": {
        "id": "gg10507",
        "mag": 4.7,
        "depth": 442.1,
        "place": "synthetic event 507",
        "time": "2026-01-28T20:40:18.864Z"
      },
      "geometry": { "type": "Point", "coordinates": [135.3337, 24.8, 442.1] }
    },
    {
      "type": "Feature",
      "properties": {
        "id": "gg10508",
        "mag": 4.6,
        "depth": 266.5,
        "place": "synthetic event 508",
        "time": "2026-01-12T02:45:01.919Z"
      },
      "geometry": { "type": "Point", "coordinates": [-76.7266, -38.0863, 266.5] }
    },
    {
      "type": "Feature",
      "properties": {
        "id": "gg10509",
        "mag": 7.2,
        "depth": 218.2,
        "place": "synthetic event 509",
        "time": "2026-03-22T23:09:12.821Z"
      },
      "geometry": { "type": "Point", "coordinates": [122.3603, 34.7785, 218.2] }
    },
    {
      "type": "Feature",
      "properties": {
        "id": "gg10510",
        "mag": 4.5,
        "depth": 394.9,
        "place": "synthetic event 510",
        "time": "2026-04-28T18:42:44.481Z"
      },
      "geometry": { "type": "Point", "coordinates": [84.3485, 28.1344, 394.9] }
    },
    {
      "type": "Feature",
      "properties": {
        "id": "gg10511",
        "mag": 4.5,
        "depth": 573,
        "place": "synthetic event 511",
        "time": "2026-02-18T10:54:51.107Z"
      },
      "geometry": { "type": "Point", "coordinates": [-121.2971, 40.0745, 573] }
    },
    {
      "type": "Feature",
      "properties": {
        "id": "gg10512",
        "mag": 6.1,
        "depth": 163.3,
        "place": "synthetic event 512",
        "time": "2026-01-13T19:31:21.192Z"
      },
      "geometry": { "type": "Point", "coordinates": [-145.0458, 56.514, 163.3] }
    },
    {
      "type": "Feature",
      "properties": {
        "id": "gg10513",
        "mag": 6,
        "depth": 200.8,
        "place": "synthetic event 513",
        "time": "2026-02-16T06:48:14.243Z"
      },
      "geometry": { "type": "Point", "coordinates": [-102.3919, 30.4443, 200.8] }
    },
    {
      "type": "Feature",
      "properties": {
        "id": "gg10514",
        "mag": 4.8,
        "depth": 132.6,
        "place": "synthetic event 514",
        "time": "2026-03-10T19:56:43.011Z"
      },
      "geometry": { "type": "Point", "coordinates": [-86.3602, -35.3461, 132.6] }
    },
    {
      "type": "Feature",
      "properties": {
        "id": "gg10515",
        "mag": 6.6,
        "depth": 535.3,
        "place": "synthetic event 515",
        "time": "2026-05-24T22:37:37.383Z"
      },
      "geometry": { "type": "Point", "coordinates": [-150.5728, 66.2719, 535.3] }
    },
    {
      "type": "Feature",
      "properties": {
        "id": "gg10516",
        "mag": 4.5,
        "depth": 269.7,
        "place": "synthetic event 516",
        "time": "2026-02-28T21:41:20.392Z"
      },
      "geometry": { "type": "Point", "coordinates": [-113.6658, 37.3901, 269.7] }
    },
    {
      "type": "Feature",
      "properties": {
        "id": "gg10517",
        "mag": 5.1,
        "depth": 209.1,
        "place": "synthetic event 517",
        "time": "2026-04-01T07:16:31.406Z"
      },
      "geometry": { "type": "Point", "coordinates": [-166.3593, 62.3366, 209.1] }
    },
    {
      "type": "Feature",
      "properties": {
        "id": "gg10518",
        "mag": 4.6,
        "depth": 312.9,
        "place": "synthetic event 518",
        "time": "2026-01-17T03:28:27.193Z"
      },
      "geometry": { "type": "Point", "coordinates": [-127.7584, 29.1787, 312.9] }
    },
    {
      "type": "Feature",
      "properties": {
        "id": "gg10519",
        "mag": 5.4,
        "depth": 509.2,
        "place": "synthetic event 519",
        "time": "2026-05-05T16:02:37.473Z"
      },
      "geometry": { "type": "Point", "coordinates": [84.9242, 35.2601, 509.2] }
    },
    {
      "type": "Feature",
      "properties": {
        "id": "gg10520",
        "mag": 6.7,
        "depth": 27.1,
        "place": "synthetic event 520",
        "time": "2026-03-14T01:33:57.124Z"
      },
      "geometry": { "type": "Point", "coordinates": [139.4402, 32.4525, 27.1] }
    },
    {
      "type": "Feature",
      "properties": {
        "id": "gg10521",
        "mag": 6,
        "depth": 422.7,
        "place": "synthetic event 521",
        "time": "2026-04-18T22:58:55.171Z"
      },
      "geometry": { "type": "Point", "coordinates": [-86.2063, 20.1347, 422.7] }
    },
    {
      "type": "Feature",
      "properties": {
        "id": "gg10522",
        "mag": 4.5,
        "depth": 19.1,
        "place": "synthetic event 522",
        "time": "2026-02-14T18:47:18.911Z"
      },
      "geometry": { "type": "Point", "coordinates": [105.6948, -9.784, 19.1] }
    },
    {
      "type": "Feature",
      "properties": {
        "id": "gg10523",
        "mag": 6.4,
        "depth": 221.6,
        "place": "synthetic event 523",
        "time": "2026-02-04T22:49:33.547Z"
      },
      "geometry": { "type": "Point", "coordinates": [-88.7364, 17.2102, 221.6] }
    },
    {
      "type": "Feature",
      "properties": {
        "id": "gg10524",
        "mag": 4.8,
        "depth": 563.1,
        "place": "synthetic event 524",
        "time": "2026-03-15T23:36:48.834Z"
      },
      "geometry": { "type": "Point", "coordinates": [98.3184, -10.7737, 563.1] }
    },
    {
      "type": "Feature",
      "properties": {
        "id": "gg10525",
        "mag": 4.5,
        "depth": 559.9,
        "place": "synthetic event 525",
        "time": "2026-03-16T00:44:25.426Z"
      },
      "geometry": { "type": "Point", "coordinates": [121.5928, 44.4851, 559.9] }
    },
    {
      "type": "Feature",
      "properties": {
        "id": "gg10526",
        "mag": 7.1,
        "depth": 520.5,
        "place": "synthetic event 526",
        "time": "2026-04-02T21:10:03.626Z"
      },
      "geometry": { "type": "Point", "coordinates": [-124.1164, 36.3931, 520.5] }
    },
    {
      "type": "Feature",
      "properties": {
        "id": "gg10527",
        "mag": 5.2,
        "depth": 16.8,
        "place": "synthetic event 527",
        "time": "2026-01-29T09:19:09.667Z"
      },
      "geometry": { "type": "Point", "coordinates": [29.0844, 38.3007, 16.8] }
    },
    {
      "type": "Feature",
      "properties": {
        "id": "gg10528",
        "mag": 4.5,
        "depth": 398.4,
        "place": "synthetic event 528",
        "time": "2026-04-26T18:15:44.083Z"
      },
      "geometry": { "type": "Point", "coordinates": [-87.256, 20.1445, 398.4] }
    },
    {
      "type": "Feature",
      "properties": {
        "id": "gg10529",
        "mag": 5.4,
        "depth": 291.5,
        "place": "synthetic event 529",
        "time": "2026-02-11T03:13:18.350Z"
      },
      "geometry": { "type": "Point", "coordinates": [-122.0536, 40.6004, 291.5] }
    },
    {
      "type": "Feature",
      "properties": {
        "id": "gg10530",
        "mag": 7.9,
        "depth": 526.6,
        "place": "synthetic event 530",
        "time": "2026-01-19T19:05:21.934Z"
      },
      "geometry": { "type": "Point", "coordinates": [161.1748, 46.4146, 526.6] }
    },
    {
      "type": "Feature",
      "properties": {
        "id": "gg10531",
        "mag": 4.6,
        "depth": 369,
        "place": "synthetic event 531",
        "time": "2026-03-11T07:36:37.405Z"
      },
      "geometry": { "type": "Point", "coordinates": [13.2583, 33.2373, 369] }
    },
    {
      "type": "Feature",
      "properties": {
        "id": "gg10532",
        "mag": 6.8,
        "depth": 501.9,
        "place": "synthetic event 532",
        "time": "2026-06-21T18:14:23.120Z"
      },
      "geometry": { "type": "Point", "coordinates": [101.1406, 32.2115, 501.9] }
    },
    {
      "type": "Feature",
      "properties": {
        "id": "gg10533",
        "mag": 5.5,
        "depth": 438.8,
        "place": "synthetic event 533",
        "time": "2026-02-08T22:27:47.454Z"
      },
      "geometry": { "type": "Point", "coordinates": [-104.1771, 44.2772, 438.8] }
    },
    {
      "type": "Feature",
      "properties": {
        "id": "gg10534",
        "mag": 5.7,
        "depth": 415.7,
        "place": "synthetic event 534",
        "time": "2026-01-12T04:41:17.915Z"
      },
      "geometry": { "type": "Point", "coordinates": [149.8389, 24.2977, 415.7] }
    },
    {
      "type": "Feature",
      "properties": {
        "id": "gg10535",
        "mag": 7.5,
        "depth": 561.3,
        "place": "synthetic event 535",
        "time": "2026-01-24T04:06:17.274Z"
      },
      "geometry": { "type": "Point", "coordinates": [102.4729, 27.5663, 561.3] }
    },
    {
      "type": "Feature",
      "properties": {
        "id": "gg10536",
        "mag": 6.6,
        "depth": 229,
        "place": "synthetic event 536",
        "time": "2026-02-16T07:45:26.313Z"
      },
      "geometry": { "type": "Point", "coordinates": [120.3269, -15.933, 229] }
    },
    {
      "type": "Feature",
      "properties": {
        "id": "gg10537",
        "mag": 8.1,
        "depth": 434.2,
        "place": "synthetic event 537",
        "time": "2026-04-06T12:17:27.522Z"
      },
      "geometry": { "type": "Point", "coordinates": [132.4002, -0.9001, 434.2] }
    },
    {
      "type": "Feature",
      "properties": {
        "id": "gg10538",
        "mag": 4.6,
        "depth": 434.5,
        "place": "synthetic event 538",
        "time": "2026-02-07T06:50:15.614Z"
      },
      "geometry": { "type": "Point", "coordinates": [30.8902, 34.8673, 434.5] }
    },
    {
      "type": "Feature",
      "properties": {
        "id": "gg10539",
        "mag": 4.5,
        "depth": 173.3,
        "place": "synthetic event 539",
        "time": "2026-03-02T13:58:32.870Z"
      },
      "geometry": { "type": "Point", "coordinates": [139.6198, 43.4947, 173.3] }
    },
    {
      "type": "Feature",
      "properties": {
        "id": "gg10540",
        "mag": 5,
        "depth": 166,
        "place": "synthetic event 540",
        "time": "2026-02-10T15:43:04.202Z"
      },
      "geometry": { "type": "Point", "coordinates": [140.9664, 27.7685, 166] }
    },
    {
      "type": "Feature",
      "properties": {
        "id": "gg10541",
        "mag": 5.9,
        "depth": 99.9,
        "place": "synthetic event 541",
        "time": "2026-02-25T06:33:19.677Z"
      },
      "geometry": { "type": "Point", "coordinates": [134.1033, 39.6773, 99.9] }
    },
    {
      "type": "Feature",
      "properties": {
        "id": "gg10542",
        "mag": 5.1,
        "depth": 575,
        "place": "synthetic event 542",
        "time": "2026-03-19T07:51:03.897Z"
      },
      "geometry": { "type": "Point", "coordinates": [99.8741, -10.839, 575] }
    },
    {
      "type": "Feature",
      "properties": {
        "id": "gg10543",
        "mag": 7.2,
        "depth": 281.7,
        "place": "synthetic event 543",
        "time": "2026-04-19T14:52:02.675Z"
      },
      "geometry": { "type": "Point", "coordinates": [95.9909, 34.1783, 281.7] }
    },
    {
      "type": "Feature",
      "properties": {
        "id": "gg10544",
        "mag": 4.5,
        "depth": 534.9,
        "place": "synthetic event 544",
        "time": "2026-02-15T01:37:50.274Z"
      },
      "geometry": { "type": "Point", "coordinates": [-102.8922, 20.6254, 534.9] }
    },
    {
      "type": "Feature",
      "properties": {
        "id": "gg10545",
        "mag": 4.7,
        "depth": 357.4,
        "place": "synthetic event 545",
        "time": "2026-04-01T18:11:44.553Z"
      },
      "geometry": { "type": "Point", "coordinates": [-158.552, 55.4548, 357.4] }
    },
    {
      "type": "Feature",
      "properties": {
        "id": "gg10546",
        "mag": 4.6,
        "depth": 303.9,
        "place": "synthetic event 546",
        "time": "2026-05-06T10:27:33.666Z"
      },
      "geometry": { "type": "Point", "coordinates": [-132.3887, 32.658, 303.9] }
    },
    {
      "type": "Feature",
      "properties": {
        "id": "gg10547",
        "mag": 4.9,
        "depth": 111.2,
        "place": "synthetic event 547",
        "time": "2026-02-03T14:46:43.498Z"
      },
      "geometry": { "type": "Point", "coordinates": [-130.0381, 41.7993, 111.2] }
    },
    {
      "type": "Feature",
      "properties": {
        "id": "gg10548",
        "mag": 8,
        "depth": 32.1,
        "place": "synthetic event 548",
        "time": "2026-05-10T19:42:52.617Z"
      },
      "geometry": { "type": "Point", "coordinates": [87.0613, 28.9416, 32.1] }
    },
    {
      "type": "Feature",
      "properties": {
        "id": "gg10549",
        "mag": 4.6,
        "depth": 368.8,
        "place": "synthetic event 549",
        "time": "2026-01-20T15:59:22.763Z"
      },
      "geometry": { "type": "Point", "coordinates": [130.7117, 31.345, 368.8] }
    },
    {
      "type": "Feature",
      "properties": {
        "id": "gg10550",
        "mag": 7.2,
        "depth": 453.6,
        "place": "synthetic event 550",
        "time": "2026-02-12T10:28:01.153Z"
      },
      "geometry": { "type": "Point", "coordinates": [-57.1551, -28.1186, 453.6] }
    },
    {
      "type": "Feature",
      "properties": {
        "id": "gg10551",
        "mag": 6.6,
        "depth": 230,
        "place": "synthetic event 551",
        "time": "2026-05-24T15:10:14.155Z"
      },
      "geometry": { "type": "Point", "coordinates": [-79.5767, -29.857, 230] }
    },
    {
      "type": "Feature",
      "properties": {
        "id": "gg10552",
        "mag": 4.5,
        "depth": 337,
        "place": "synthetic event 552",
        "time": "2026-03-23T22:40:28.582Z"
      },
      "geometry": { "type": "Point", "coordinates": [-86.3895, -39.5891, 337] }
    },
    {
      "type": "Feature",
      "properties": {
        "id": "gg10553",
        "mag": 4.6,
        "depth": 539.9,
        "place": "synthetic event 553",
        "time": "2026-01-09T22:54:19.547Z"
      },
      "geometry": { "type": "Point", "coordinates": [16.1681, 36.7412, 539.9] }
    },
    {
      "type": "Feature",
      "properties": {
        "id": "gg10554",
        "mag": 6.4,
        "depth": 524.2,
        "place": "synthetic event 554",
        "time": "2026-04-15T12:59:53.882Z"
      },
      "geometry": { "type": "Point", "coordinates": [154.7675, 38.5803, 524.2] }
    },
    {
      "type": "Feature",
      "properties": {
        "id": "gg10555",
        "mag": 5,
        "depth": 168.5,
        "place": "synthetic event 555",
        "time": "2026-05-03T07:51:15.970Z"
      },
      "geometry": { "type": "Point", "coordinates": [124.8294, 47.3924, 168.5] }
    },
    {
      "type": "Feature",
      "properties": {
        "id": "gg10556",
        "mag": 6.9,
        "depth": 393.7,
        "place": "synthetic event 556",
        "time": "2026-03-14T23:41:58.113Z"
      },
      "geometry": { "type": "Point", "coordinates": [-127.9928, 40.4169, 393.7] }
    },
    {
      "type": "Feature",
      "properties": {
        "id": "gg10557",
        "mag": 4.6,
        "depth": 327.2,
        "place": "synthetic event 557",
        "time": "2026-01-08T21:17:09.875Z"
      },
      "geometry": { "type": "Point", "coordinates": [36.0125, 36.6882, 327.2] }
    },
    {
      "type": "Feature",
      "properties": {
        "id": "gg10558",
        "mag": 4.5,
        "depth": 270.9,
        "place": "synthetic event 558",
        "time": "2026-03-09T06:04:35.148Z"
      },
      "geometry": { "type": "Point", "coordinates": [135.0933, 34.4833, 270.9] }
    },
    {
      "type": "Feature",
      "properties": {
        "id": "gg10559",
        "mag": 4.5,
        "depth": 86.7,
        "place": "synthetic event 559",
        "time": "2026-05-11T08:55:28.047Z"
      },
      "geometry": { "type": "Point", "coordinates": [-144.6998, 62.492, 86.7] }
    },
    {
      "type": "Feature",
      "properties": {
        "id": "gg10560",
        "mag": 4.6,
        "depth": 182.6,
        "place": "synthetic event 560",
        "time": "2026-05-24T21:27:40.973Z"
      },
      "geometry": { "type": "Point", "coordinates": [-76.9593, -25.9812, 182.6] }
    },
    {
      "type": "Feature",
      "properties": {
        "id": "gg10561",
        "mag": 6,
        "depth": 351.4,
        "place": "synthetic event 561",
        "time": "2026-03-17T09:36:25.173Z"
      },
      "geometry": { "type": "Point", "coordinates": [16.5246, 35.1283, 351.4] }
    },
    {
      "type": "Feature",
      "properties": {
        "id": "gg10562",
        "mag": 6.7,
        "depth": 146.3,
        "place": "synthetic event 562",
        "time": "2026-02-13T21:22:20.888Z"
      },
      "geometry": { "type": "Point", "coordinates": [-132.6508, 35.9152, 146.3] }
    },
    {
      "type": "Feature",
      "properties": {
        "id": "gg10563",
        "mag": 6.3,
        "depth": 230.1,
        "place": "synthetic event 563",
        "time": "2026-01-13T10:41:48.906Z"
      },
      "geometry": { "type": "Point", "coordinates": [126.985, 1.3229, 230.1] }
    },
    {
      "type": "Feature",
      "properties": {
        "id": "gg10564",
        "mag": 4.6,
        "depth": 146.6,
        "place": "synthetic event 564",
        "time": "2026-03-13T16:03:09.124Z"
      },
      "geometry": { "type": "Point", "coordinates": [146.5903, 31.9234, 146.6] }
    },
    {
      "type": "Feature",
      "properties": {
        "id": "gg10565",
        "mag": 4.7,
        "depth": 563.4,
        "place": "synthetic event 565",
        "time": "2026-01-22T14:27:08.198Z"
      },
      "geometry": { "type": "Point", "coordinates": [-79.1861, -25.7582, 563.4] }
    },
    {
      "type": "Feature",
      "properties": {
        "id": "gg10566",
        "mag": 5.3,
        "depth": 149,
        "place": "synthetic event 566",
        "time": "2026-04-05T07:53:55.297Z"
      },
      "geometry": { "type": "Point", "coordinates": [-78.4851, -31.6922, 149] }
    },
    {
      "type": "Feature",
      "properties": {
        "id": "gg10567",
        "mag": 4.6,
        "depth": 515.8,
        "place": "synthetic event 567",
        "time": "2026-06-30T09:30:48.573Z"
      },
      "geometry": { "type": "Point", "coordinates": [83.7912, 29.2534, 515.8] }
    },
    {
      "type": "Feature",
      "properties": {
        "id": "gg10568",
        "mag": 5.3,
        "depth": 445.9,
        "place": "synthetic event 568",
        "time": "2026-03-05T03:28:35.908Z"
      },
      "geometry": { "type": "Point", "coordinates": [99.7244, 35.7337, 445.9] }
    },
    {
      "type": "Feature",
      "properties": {
        "id": "gg10569",
        "mag": 5.4,
        "depth": 530.6,
        "place": "synthetic event 569",
        "time": "2026-05-21T19:34:42.031Z"
      },
      "geometry": { "type": "Point", "coordinates": [26.8975, 41.092, 530.6] }
    },
    {
      "type": "Feature",
      "properties": {
        "id": "gg10570",
        "mag": 5.5,
        "depth": 555.6,
        "place": "synthetic event 570",
        "time": "2026-03-21T17:10:29.955Z"
      },
      "geometry": { "type": "Point", "coordinates": [100.3655, -4.1223, 555.6] }
    },
    {
      "type": "Feature",
      "properties": {
        "id": "gg10571",
        "mag": 7.9,
        "depth": 614.2,
        "place": "synthetic event 571",
        "time": "2026-02-03T17:59:47.435Z"
      },
      "geometry": { "type": "Point", "coordinates": [14.2652, 41.7024, 614.2] }
    },
    {
      "type": "Feature",
      "properties": {
        "id": "gg10572",
        "mag": 4.5,
        "depth": 330,
        "place": "synthetic event 572",
        "time": "2026-04-09T12:48:39.778Z"
      },
      "geometry": { "type": "Point", "coordinates": [-146.7876, 59.1825, 330] }
    },
    {
      "type": "Feature",
      "properties": {
        "id": "gg10573",
        "mag": 6.7,
        "depth": 74,
        "place": "synthetic event 573",
        "time": "2026-06-19T08:46:36.046Z"
      },
      "geometry": { "type": "Point", "coordinates": [89.3284, 29.8479, 74] }
    },
    {
      "type": "Feature",
      "properties": {
        "id": "gg10574",
        "mag": 4.5,
        "depth": 596.3,
        "place": "synthetic event 574",
        "time": "2026-04-29T10:37:08.419Z"
      },
      "geometry": { "type": "Point", "coordinates": [-100.377, 15.6098, 596.3] }
    },
    {
      "type": "Feature",
      "properties": {
        "id": "gg10575",
        "mag": 4.5,
        "depth": 537.9,
        "place": "synthetic event 575",
        "time": "2026-04-15T13:49:10.571Z"
      },
      "geometry": { "type": "Point", "coordinates": [135.624, 37.0282, 537.9] }
    },
    {
      "type": "Feature",
      "properties": {
        "id": "gg10576",
        "mag": 4.5,
        "depth": 494.9,
        "place": "synthetic event 576",
        "time": "2026-06-13T08:58:54.572Z"
      },
      "geometry": { "type": "Point", "coordinates": [-103.7487, 46.2333, 494.9] }
    },
    {
      "type": "Feature",
      "properties": {
        "id": "gg10577",
        "mag": 4.7,
        "depth": 284.1,
        "place": "synthetic event 577",
        "time": "2026-03-24T05:03:34.693Z"
      },
      "geometry": { "type": "Point", "coordinates": [30.4984, 40.0169, 284.1] }
    },
    {
      "type": "Feature",
      "properties": {
        "id": "gg10578",
        "mag": 4.5,
        "depth": 279.3,
        "place": "synthetic event 578",
        "time": "2026-02-24T01:58:24.208Z"
      },
      "geometry": { "type": "Point", "coordinates": [-74.401, -31.6453, 279.3] }
    },
    {
      "type": "Feature",
      "properties": {
        "id": "gg10579",
        "mag": 5.5,
        "depth": 264.8,
        "place": "synthetic event 579",
        "time": "2026-01-16T13:57:47.240Z"
      },
      "geometry": { "type": "Point", "coordinates": [-65.2166, -38.7948, 264.8] }
    },
    {
      "type": "Feature",
      "properties": {
        "id": "gg10580",
        "mag": 5.1,
        "depth": 107.8,
        "place": "synthetic event 580",
        "time": "2026-02-13T01:43:25.933Z"
      },
      "geometry": { "type": "Point", "coordinates": [103.8689, 24.0526, 107.8] }
    },
    {
      "type": "Feature",
      "properties": {
        "id": "gg10581",
        "mag": 6.4,
        "depth": 210.1,
        "place": "synthetic event 581",
        "time": "2026-03-01T09:35:24.414Z"
      },
      "geometry": { "type": "Point", "coordinates": [-161.9031, 53.2514, 210.1] }
    },
    {
      "type": "Feature",
      "properties": {
        "id": "gg10582",
        "mag": 4.5,
        "depth": 383.5,
        "place": "synthetic event 582",
        "time": "2026-03-27T05:07:45.057Z"
      },
      "geometry": { "type": "Point", "coordinates": [-76.437, 12.2765, 383.5] }
    },
    {
      "type": "Feature",
      "properties": {
        "id": "gg10583",
        "mag": 4.5,
        "depth": 291.2,
        "place": "synthetic event 583",
        "time": "2026-03-26T11:42:59.901Z"
      },
      "geometry": { "type": "Point", "coordinates": [153.1057, 45.9092, 291.2] }
    },
    {
      "type": "Feature",
      "properties": {
        "id": "gg10584",
        "mag": 4.5,
        "depth": 290.6,
        "place": "synthetic event 584",
        "time": "2026-04-13T21:04:31.967Z"
      },
      "geometry": { "type": "Point", "coordinates": [-85.1572, 13.8964, 290.6] }
    },
    {
      "type": "Feature",
      "properties": {
        "id": "gg10585",
        "mag": 5.1,
        "depth": 313.8,
        "place": "synthetic event 585",
        "time": "2026-03-27T12:27:46.460Z"
      },
      "geometry": { "type": "Point", "coordinates": [32.6474, 32.2854, 313.8] }
    },
    {
      "type": "Feature",
      "properties": {
        "id": "gg10586",
        "mag": 4.7,
        "depth": 559.8,
        "place": "synthetic event 586",
        "time": "2026-06-09T13:59:06.142Z"
      },
      "geometry": { "type": "Point", "coordinates": [19.6691, 40.2135, 559.8] }
    },
    {
      "type": "Feature",
      "properties": {
        "id": "gg10587",
        "mag": 4.9,
        "depth": 347,
        "place": "synthetic event 587",
        "time": "2026-05-07T21:20:12.267Z"
      },
      "geometry": { "type": "Point", "coordinates": [-118.8687, 30.3964, 347] }
    },
    {
      "type": "Feature",
      "properties": {
        "id": "gg10588",
        "mag": 5.1,
        "depth": 84.5,
        "place": "synthetic event 588",
        "time": "2026-01-14T00:11:42.719Z"
      },
      "geometry": { "type": "Point", "coordinates": [-84.3009, 9.1158, 84.5] }
    },
    {
      "type": "Feature",
      "properties": {
        "id": "gg10589",
        "mag": 4.7,
        "depth": 209.6,
        "place": "synthetic event 589",
        "time": "2026-06-30T15:06:20.528Z"
      },
      "geometry": { "type": "Point", "coordinates": [-117.859, 43.6096, 209.6] }
    },
    {
      "type": "Feature",
      "properties": {
        "id": "gg10590",
        "mag": 4.9,
        "depth": 217.4,
        "place": "synthetic event 590",
        "time": "2026-01-30T02:04:34.284Z"
      },
      "geometry": { "type": "Point", "coordinates": [-103.1835, 20.5918, 217.4] }
    },
    {
      "type": "Feature",
      "properties": {
        "id": "gg10591",
        "mag": 4.5,
        "depth": 514.6,
        "place": "synthetic event 591",
        "time": "2026-07-05T09:32:39.490Z"
      },
      "geometry": { "type": "Point", "coordinates": [-86.6375, 10.7572, 514.6] }
    },
    {
      "type": "Feature",
      "properties": {
        "id": "gg10592",
        "mag": 5,
        "depth": 532.6,
        "place": "synthetic event 592",
        "time": "2026-02-13T08:07:14.455Z"
      },
      "geometry": { "type": "Point", "coordinates": [22.6375, 37.3195, 532.6] }
    },
    {
      "type": "Feature",
      "properties": {
        "id": "gg10593",
        "mag": 4.5,
        "depth": 609.7,
        "place": "synthetic event 593",
        "time": "2026-03-27T16:17:36.263Z"
      },
      "geometry": { "type": "Point", "coordinates": [-92.4751, 10.8601, 609.7] }
    },
    {
      "type": "Feature",
      "properties": {
        "id": "gg10594",
        "mag": 6.2,
        "depth": 154.4,
        "place": "synthetic event 594",
        "time": "2026-03-02T11:56:20.804Z"
      },
      "geometry": { "type": "Point", "coordinates": [-142.0549, 65.82, 154.4] }
    },
    {
      "type": "Feature",
      "properties": {
        "id": "gg10595",
        "mag": 4.9,
        "depth": 499.3,
        "place": "synthetic event 595",
        "time": "2026-04-24T00:53:16.510Z"
      },
      "geometry": { "type": "Point", "coordinates": [19.7926, 42.2412, 499.3] }
    },
    {
      "type": "Feature",
      "properties": {
        "id": "gg10596",
        "mag": 4.5,
        "depth": 131,
        "place": "synthetic event 596",
        "time": "2026-01-28T21:39:26.517Z"
      },
      "geometry": { "type": "Point", "coordinates": [19.2588, 38.7077, 131] }
    },
    {
      "type": "Feature",
      "properties": {
        "id": "gg10597",
        "mag": 6.7,
        "depth": 220.1,
        "place": "synthetic event 597",
        "time": "2026-04-05T08:56:57.379Z"
      },
      "geometry": { "type": "Point", "coordinates": [-147.06, 59.3458, 220.1] }
    },
    {
      "type": "Feature",
      "properties": {
        "id": "gg10598",
        "mag": 4.6,
        "depth": 245.8,
        "place": "synthetic event 598",
        "time": "2026-02-16T11:21:25.595Z"
      },
      "geometry": { "type": "Point", "coordinates": [-98.1107, 8.4427, 245.8] }
    },
    {
      "type": "Feature",
      "properties": {
        "id": "gg10599",
        "mag": 4.8,
        "depth": 54.1,
        "place": "synthetic event 599",
        "time": "2026-06-28T17:34:08.825Z"
      },
      "geometry": { "type": "Point", "coordinates": [-118.8827, 30.2254, 54.1] }
    }
  ]
}
